link_id,url,scrape_status,transcript,video_id,description,create_time,is_ad,duration,has_original_audio,play_count,like_count,share_count,comment_count,author_id,author_name,music_title,music_author,music_is_copyrighted,hashtags,diversification_labels,suggested_words,is_superficial_mental_health_handcoded,is_mental_health_handcoded,rationale,use,further_notes
913076,https://www.tiktokv.com/share/video/7472204033688653102/,done,"(upbeat music)
 ♪ Red book if you want ♪
 (upbeat music)",7.47E+18,let’s ignore the cupping on my back #redbull #gym #lifting #gymmotivation ,1739758099,FALSE,7,FALSE,3500000,352200,5856,376,7.29E+18,jenna.fitness,original sound,Tallinn horse show,TRUE,"redbull,gym,lifting,gymmotivation","Fitness,Fitness & Health,Sport & Outdoor","back muscles men,what does cupping therapy do,back muscle show off,cupping therapy,aggresive motivation movie,cupping therapy back,what does cupping do,red bull before gym,red bull gives you wings tate mcrae,cupping",FALSE,FALSE,This is about physical fitness and recovery - cupping therapy is not a type of mental health therapy,train,
642134,https://www.tiktokv.com/share/video/7489161481574010134/,done,"Michaela Tester wasted no time in responding
 to Anna Paul's recent TikTok video.
 So if you've watched my last video,
 I've done a rundown of everything
 that Anna Paul said in her video.
 Michaela posted pretty much straight after.
 Michaela started by saying Anna is doing to her
 what she's done to so many people
 and that is trying to make out that Michaela is the girl
 that's got the issue and is crazy.
 So if you saw Anna's video,
 you'll know she ended it with a voice note from Michaela
 where Michaela was basically saying
 Anna has taken her whole life.
 Michaela said that she stands by that voice note
 and she would be happy posting it on her own channels.
 Michaela said everything in that voice note was facts.
 Anna did steal her life, her personality, her backstory.
 Anna stole her content ideas.
 Michaela said, of course, after her traumatic relationship
 and time spent with Attis and their family,
 she didn't wanna see either Anna or Attis posting again.
 She was hurt and damaged
 through everything that she'd been through.
 So of course she didn't wanna see them posting
 and acting normal.
 Michaela also said that in her life,
 she has said nasty things.
 She said she's taken accountability.
 She can be a nasty girl.
 She also said that she was a messed up girl
 because of all the shit that she's been through.
 And this is just not at the hands
 of Attis and the Paul family.
 She also had a really traumatic upbringing.
 She said that Attis had drained everything from her,
 her finances, her mental health,
 her ability to even get up in the morning.
 Attis drained her of everything.
 Michaela also said that she wasn't gonna weigh ages
 to curate her response to Anna
 because everything she's saying is the truth.
 She can just come out and say it.
 She doesn't have to sit there and think what she should and shouldn't say.",7.49E+18,Mikaela Testa responds to Anna Paul 25 minute TikTok #mikaelatesta #annapaul #atispaul #mikaela ,1743706292,FALSE,165,TRUE,1000000,63300,758,487,6.76E+18,newswithnat,original sound,News with Nat,FALSE,"mikaelatesta,annapaul,atispaul,mikaela",,,TRUE,FALSE,"This describes online drama between different celebrities or influences - it obliquely references a traumatic relationship, but does not use this term in any meaningful clinical sense or describe mental health conditions or effects resulting form it",train,
230047,https://www.tiktokv.com/share/video/7472512187714587926/,done,"rescript autism and mental sickness, must leave in Jesus name one, two, three.",7.47E+18,#fyp #foryou #forupage #fyppp #fypage #relatable #xyzbca,1739829826,FALSE,10,TRUE,3800000,615300,155900,4466,7.33E+18,marinamarise,original sound,marinamarise,FALSE,"fyp,foryou,forupage,fyppp,fypage,relatable,xyzbca","Random Shoot,Others","ok i leave,How People With Autism See,ok i leave edit,how autism see the world,ok i leave christian kid,okay i leave now,toddler eating fruit,autistic guy singing,autism kids,aggressive autistic boy",TRUE,TRUE,"This is a comedic encounter with an autistic kid who says ""ok I leave"" when someone attempts to pray away the autism; by virtue of directly engaging with someone's mental health condition, it is mental health related.",train,
56898,https://www.tiktokv.com/share/video/7295087430821006624/,done,"[Music]
 Alright, that went well.
 [Music]
 [Music]",7.30E+18,‼️Im not the real ticsandroses‼️ #disabilitytiktok #ticsandroses #fyp ,1698519906,FALSE,53,TRUE,9100000,159800,8724,3492,7.22E+18,emeraldackley,origineel geluid,emeraldackley,FALSE,"disabilitytiktok,ticsandroses,fyp","Cooking,Food & Drink,Lifestyle","Ticsandroses,adhd tics,tics and roses account,tics in class,tics and roses ray william,tics and roses now,tics and roses videos,tics,tics and roses apology video,why do people get tics",TRUE,TRUE,This video depicts the experiences of someone attempting to cook with symptoms of tourettes,train,This video is actually a critical report of a video from a creator who was purported faking tourettes 
3971,https://www.tiktokv.com/share/video/7518217818047876382/,,"♪ Like you and me ♪
 ♪ I know a place where the bruised and broken ♪
 ♪ Live like the kings and the queens ♪",7.52E+18,clean your room brotato😭🫱,1750471512,FALSE,8,FALSE,11000000,1400000,11000,4179,7.45E+18,_g.i.n.a.s.f.s,Freaks,Jordan Clarke,TRUE,,"Diary & VLOG,Daily Life,Lifestyle","room cleaning trend yazoo bottle,room cleaning trend lost and lonely pads,room cleaning trend,cleaning depressed room,messy room trend,dog skull room messy room,used pads in room trend,room trend,room cleaning trend lost and lonely,trend where people show their rooms",FALSE,FALSE,"There is no concrete evidence of a reference to mental health beyond an unclear and gross room - while lack of hygiene may reflect underlying mental health issues, the video does not engage with this directly.",train,
832158,https://www.tiktokv.com/share/video/7506843796248726806/,done,[SOUND],7.51E+18,#firefighter #oncallfirefighter #fire #emergency #lgbt #respect #support #fireservicetiktok #summer #dry #pager #adhdtiktok #emergencyservices #createrinsightesearch2025 #fyp #fyppppppppppppppppppppppp ,1747823277,FALSE,29,TRUE,313700,8443,203,127,6.83E+18,dc900281,original sound,dc900281,FALSE,"firefighter,oncallfirefighter,fire,emergency,lgbt,respect,support,fireservicetiktok,summer,dry,pager,adhdtiktok,emergencyservices,createrinsightesearch2025,fyp,fyppppppppppppppppppppppp","Work & Jobs,Daily Life,Lifestyle","on call firefighter,pager,firefighter,Firefighter Tiktok,fire firefighter,fire and emergency,emergency support,house fires,Pager Fire Department,Emergency Call",TRUE,FALSE,"This video is about responding to emergencies as a firefighter - while the create uses ""adhdtiktok"" for visibility, this is unrelated to the content of the video shared and therefore not mental health related. ",train,
900911,https://www.tiktokv.com/share/video/7475921490865737006/,done,"♪ Everybody's watching me, it's my anxiety ♪
 ♪ And I'm tired, tired, tired ♪",7.48E+18,BREAKING NEWS I SUBBED IN THE GAME,1740623648,FALSE,6,FALSE,1800000,177700,1166,568,6.74E+18,bdwyerr,original sound,Franklin Saint,TRUE,,"Traditional Sports,Sports,Sport & Outdoor",,TRUE,FALSE,"The sole reference to anxiety here is via a song lyric ""it's my anxiety"", but this is entirely unrelated to the video content itself, which is about subbing in in a sporting event and thus not mental health related. The ""anxiety dance challenge"" was a viral trend with this particular song, referenced in some other video metadata. The presence of tags like ""♪"" or [MUSIC] indicate that that portion of the transcription is song lyrics rather than the creator speaking, and song lyrics are usually unrelated to the video content. ",train,
980581,https://www.tiktokv.com/share/video/7422454984513539358/,done,"harry potter was never good you were just nine harry potter is good me when i'm
 nine you idolize garfield it's a refined taste harry potter fans wouldn't
 understand if you only hate it because of what the author tweets that stupid i
 don't like it because it was written for nine-year-olds and i'm an adult most
 cartoons are made for nine-year-olds yeah but those are good
 Percy Jackson sweets harry potter to be fair i think that almost any book that
 has words and it probably clears harry potter when you're nine it's so easy to
 overlook all the giant plot holes nine-year-olds just wanted to look cool
 reading thick books they didn't care about the content harry potter was never
 good i just grew the fuck up i suggest the author do the same some people think
 mutilating children is evil some people are pro evil some people are anti evil
 some of the anti evil people are called parents glad you're thinking about
 little kids genitals right now peter but we're talking about the wizard book one
 author wrote a story where their child-friendly protagonist was possessed
 by dark spirits and murdered the person closest to them only to be reincarnated
 in another body while still traumatized and the other is jk rolling jim davis
 clear i don't think the harry potter universe makes sense that you can't say
 her books weren't good given that she sold millions of copies so you're saying
 everything that sells millions of copies is good",7.42E+18,Is Harry Potter good⁉️ #harrypotter #booktok #twitter ,1728174984,FALSE,63,TRUE,1100000,122100,4942,2227,7.18E+18,waglingtoncomedy,original sound,Best of Twitter/X,FALSE,"harrypotter,booktok,twitter","Video Games,Games,Entertainment",,TRUE,FALSE,"The video obliquely references some of the darker plot points in Harry Potter and therefore mentions trauma, but not in the spirit of direct engagement with mental health conditions or experiences given the wider context of simply ranting about how the books are perceived and read. ",test,
576347,https://www.tiktokv.com/share/video/7506939605472513326/,done,"No.
 Yes.
 Yes.
 No.
 Yes.
 Thank you.",7.51E+18,#autismawareness #psychiatrytiktok ,1747845595,FALSE,11,TRUE,453100,74500,4628,478,6.88E+18,mattnemite,original sound,Mattnemite🧲Gaming/UGC/Jokes🥳,FALSE,"autismawareness,psychiatrytiktok","Lip-sync,Lip-sync,Performance","therapists when you cry,autism awareness,autistic people,Psychiatrist,autistic women",TRUE,TRUE,"The hashtags and description make this clear that the video is directly engaged with autism and psychiatric treatment, and is therefore mental health related. ",train,
97914,https://www.tiktokv.com/share/video/7480527380327583007/,done,"- I didn't vote for Kamala Harris, I voted for Trump.
 - If you voted for him, you were not a safe space.
 Now let me sum up your video really quick
 because you went on a nine minute justification tour
 trying to convince people to still like you
 after you telling the world that you voted for Trump.
 - After I say this, that you still like me.
 I hope you still like me.
 - I'm gonna dive into it
 and tell you exactly why that's wrong.
 You voted for a man who was not only convicted
 of SA and a woman, but who also brags about SA and women.
 And me as a survivor of SA, I would never feel comfortable
 going to a trauma center and working with trauma specialists
 as yourself, knowing that you supported a man who does that.
 You voted for a man who has decades
 of recorded racism in his past.
 You being a multiracial woman of color,
 what does that make you feel like?
 You voted for a man who's doing everything he can
 to make it so women don't have choices over their own bodies.
 And the one that you should be really concerned about
 is that you voted for a man who's trying to erase
 an entire community of people,
 a community that makes up less than 1%
 of the entire population because you said.
 - Owner of a trauma Institute, mom of a non-binary kiddo.
 - Not even for your own child.
 I wonder when your child grows up to be an adult
 if they realize that you voted against their own interest.
 And after all that, the comment section is never wrong
 because no, nobody has to continue liking.",7.48E+18,I would never feel safe with somebody who voted for him. Especially in her profession. #trauma #fypシ #safespace #sa ,1741696087,FALSE,94,TRUE,2900000,456200,5621,8003,6.77E+18,vintagetawni1,original sound,Tawni Michelle,FALSE,"trauma,fypシ,safespace,sa","Social Issues,Society,Society","trauma specialist,dr richard lee,that 1 trauma teacher kid,dr lee trauma,teaching on trauma xoxo,hope you still like me,dr lee,tawni michell,the trauma coach,that 1 trauma teacher",TRUE,TRUE,"This is a borderline case, but the creator specifically references the trauma experienced as a result of a prior sexual assault - while situated in a larger political diatribe, the experiences of people with mental health are core to that message and therefore meet the criteria for mental health related.",train,
609784,https://www.tiktokv.com/share/video/7509553639153814826/,done,"Sheila from Shameless remains to this day the single greatest example of a true agoraphobe
 I've seen in film and television, and the reason I specify a true agoraphobe is because
 film and television has a habit of diluting agoraphobia down to a person that gets nervous
 going outside.
 And it's a dilution that doesn't ever occur with Sheila, who feels that full-body
 panic and stomach turning nausea at just attempting to imagine wandering beyond the door.
 But I find I enjoy most about this agoraphobia depiction is that Shameless takes pains to
 demonstrate how Sheila processes stimuli, the most powerful moment in which the show
 does so being the moment in which Liam wanders up to the front gate and Sheila's agonizing
 over attempting to summon the courage to save him.
 I adore this scene for two reasons, one being the fact that it demonstrates that agoraphobia
 is not a logical process you can reason yourself out of.
 Sheila knows logically that Liam needs saving, and she knows she's the one that has to
 do it, but her body and brain are bombarding her with signals that tell her that she is
 in imminent and immediate danger as well.
 As she's actively struggling, we all witness rapid fire cuts of everything we'd ordinarily
 witness walking down a city street, but framed in a fashion that invokes the inherent dangers
 we associate with these things.
 Dogs barking, cars honking, trains screeching, all things associated with grievous bodily
 harm at least in Sheila's mind.
 Panic that sets in setting foot outside as an agoraphobia is something indescribable,
 and what I think is especially impactful about this scene is that it demonstrates that love
 in and of itself doesn't immediately override this impulse.
 Sheila adores Liam she wants so badly to be able to rush out and save him, but her body
 has locked her in place.
 But what I think is most touchingly done about this scene is that Sheila is allowed to feel
 that full body all-consuming fear.
 Take a moment to ground herself, and find a quick solution that allows her to bridge
 the gap.
 It's the moment that marks the start of Sheila's recovery, and what I think is most touching
 about it is that it maintains a similar realism.
 Sheila's recovery isn't linear, and she reco-",7.51E+18,"sheila from #shameless is so deeply flawed in other aspects but I will always, ALWAYS love the way this part of her character was handled (I have not finished Shameless so my goodness if there is something insane attached to her character later I am SORRY)",1748454243,FALSE,114,TRUE,328600,58600,369,247,6.81E+18,luckyleftie,original sound,Lucky,FALSE,shameless,"Movies & TV works,Entertainment Culture,Entertainment","sheila shameless,agoraphobia,sheila dancing in shameless,sheila,shameless edit,Sheila From Shameless,Sheila Jackson From Shameless,Shameless Characters,sheila birling,Shameless Scenes",TRUE,TRUE,"This video engaes with the direct experience of a severe phobia - while it does so through the lens of a fictional TV show, it nonetheless is educational content about a mental health condition with clinical relevance, and therefore is mental health related.",test,
17357,https://www.tiktokv.com/share/video/7492501122494532869/,done,"How are you?
 My name is Mariko and this is my dog Kuma. We are spending our last day together
 And I'm really glad it's a sunny day tomorrow we have a vet come to our home and
 To end his life
 I got him since he was seven weeks. You know, he was adorable
 Just a very energetic puppy run around but it feels like it was a lifetime ago. He was never aggressive to other dogs or cats
 To children. He was very gentle. He loved our Canada post workers. He never barked up plumbers electricians
 He was friendly to everyone. He's a good dog
 And then he started to bark randomly at home and he would start to whine for no reason and then he would just pace around
 Walking in circles. I was wrong. I couldn't understand and it was heartbreaking because he wasn't there anymore
 He made it very clear to me and I was waiting for that moment when he made it clear to me that he's an interval
 And this he's he's not enjoying his life anymore. I feel like right now. He's just living living for me and that's not fair
 I'm gonna miss being able to touch him and smell him and give him kisses and go to bed every night and brush his teeth
 But it will be selfish of me to keep him longer
 I just want to thank him for for making my mom happy and for being there for me when she passed
 You",7.49E+18,"Rest easy, sweet Kuma 🌈 This is the most difficult video I’ve ever published.  Please watch with care.  === Around this time last year, you may remember that I met Mariko and her senior dog, Kuma.  After that initial photoshoot, we stayed in touch.  I enjoyed reading regular updates about Kuma.  Unfortunately, Kuma’s health declined rapidly over the last year.  He had already lost one of his eyes, and was losing vision in the other. He was losing his hearing, and his ability to walk.   But most difficult of all was the cognitive decline. He would walk in circles with his head down, cry through the night, and get confused often.  It became clear that his quality of life was no longer there.   So Mariko made the most loving—and hardest—decision a pet owner can make. We spent Kuma’s final day together in the sunshine.  I captured their last photos, and she shared her story.🙏 === I know this isn’t an easy topic.  But if you’ve ever loved and lost a pet, or faced that impossible decision, I hope her story helps you feel a little less alone. This video should be looked at as a celebration of life, rather than a loss.  Mariko gave Kuma the most beautiful life—and the most gentle goodbye. She made him pancakes with maple syrup. Took him to his favourite treat shop. Gave him massages, a million kisses, and reminded him that he was loved. Kuma would’ve been 16 next week.  She said in Japanese, there’s a word—otsukarasama—something you say after someone has worked hard or given their all. It doesn’t translate perfectly. But it’s what she wanted to say to Kuma. Otsukarasama, Kuma.  You did so well. You were so loved. === 📍 Vancouver, BC",1744483865,FALSE,88,TRUE,11000000,2100000,137800,20400,6.74E+18,justinveenema,original sound,Justin Veenema,FALSE,,"Pets,Animals,Nature","pet loss,kuma the dog mariko,last day with my dog,losing a dog,kuma the dog,saying goodbye to dog,euthanasia for pet,dogs last day,pet loss grief,Kuma",TRUE,TRUE,"This video discusses the sad impending loss of a pet and the grief associated with that, but does not do so in relation to a mental health condition or disorder - rather, this is simply the normal grief that anyone would feel when losing a pet, and therefore is not mental health-related as we define it. ",test,
790027,https://www.tiktokv.com/share/video/7520109417719778615/,done,"I talked to God.
 I never want to speak to him again.
 About a year ago, I tried to kill myself 6 times.
 I lost my girlfriend, Jules, in a car accident my senior year of high school.
 I was the one who was driving.
 We were coming home late from a party.
 I was tired, and a little bit drunk.
 I didn't even realize I had fallen asleep until we had hit the broad side of a brick
 building.
 I woke up with the airbag in my face.
 It hurt.
 My legs felt like they were twisted in 15 different directions.
 The searing wheel was embedded in my chest and I knew I had shattered my ribs.
 I could feel them poking out of the skin like sharp sticks.
 I felt the glass from the windows hanging from my cheeks by flaps of skin.
 Blood leaked from everywhere with each heartbeat.
 But I didn't know true pain until I saw my girlfriend's head bashed in against the dashboard.
 The paramedics said the first thing they heard when they arrived was someone yelling.
 They found me staring at her body, screaming so hard that I burst blood vessels in my lungs.
 I don't remember that part.
 After seeing what had happened, the next thing I remember was waking up in the hospital 3
 days later.
 They told me that I had survived 15 different surgeries to reconstruct my body, and that
 I was going to be okay.
 In return, I asked where Jules was.
 A week later, I tried to kill myself for the first time.
 My life was in shambles.
 I stopped going to high school.
 I didn't want to face my friends.
 I didn't want to face Jules' friends.
 I knew they would hate me.
 I hated myself.
 In the end, it was way easier than I thought to swallow down that bottle of Tylenol.
 Luckily, my mom found me on the bathroom floor after coming home from work early.
 It wasn't a premonition or anything.
 She just wanted to get to the gym early that day.
 Lucky me.
 After my third attempt, my parents checked me into a mental hospital.
 Being in the hospital was okay.
 I had a therapist, Dr. Gardelli, who, to be fair...",7.52E+18,I talked to God. I never want to speak to him again. #cryptic #minecraftparkour #scary #askreddit #reddithorror #redditreadings #paranormal #fyp #horrorstoriestok #horror #nosleep #creeky,1750971600,FALSE,261,FALSE,524900,33300,401,549,7.36E+18,crypticfavorites,original sound - Cryptic Favorites,Cryptic Favorites,FALSE,"cryptic,minecraftparkour,scary,askreddit,reddithorror,redditreadings,paranormal,fyp,horrorstoriestok,horror,nosleep,creeky","Video Games,Games,Entertainment","I Believe In God Our Father,Reddit Story,reddit part 2 mrbig,Minecraft Parkour Commentary,reddit horror story,Minecraft Tales From Reddit,minecraft parkour storytime,reddit horror,Minecraft Conspiracy,reddit with 2 guys",TRUE,TRUE,"By describing suicide attempts and in other places, this video clearly meets the threshold for mental health related. ",test,"This is from a ""horror stories"" channel and is mostly engaged ironically. "
574521,https://www.tiktokv.com/share/video/7348135287282781473/,done,"What's a piece of trauma that you have? That's funny. It has to actually be funny.
 Last year, my nan was living in a care home.
 She'd had an accident during COVID and been diagnosed with numerous different ailments.
 She had dementia, heart failure, kidney failure.
 But despite all this, day to day, she had a nice life.
 The care home was lovely and she'd made some friends and she had some quality of life and some dignity.
 I used to go and see her a few times a week.
 And then one day at midnight, I got a call to say that she'd had a cardiac arrest in her sleep.
 I was unsure what to do. I said, ""Can I come?""
 And they said, ""Yes."" So I threw some clothes on. I ran out the door.
 And when I got there, I was informed that whilst they'd been able to resuscitate her,
 she was in respiratory arrest and I could sit with her and that she was going to pass.
 I sat with her for hours and then the ambulance service eventually, hours later,
 suggested that we transition to hospital because they were unsure of her prognosis
 and the fact that she was able to hold on, they were questioning their original decision.
 So we moved to hospital. I phoned around family and friends and I sat by her bedside.
 I talked to her, shared memories and then after a while, I got comfortable with the silence
 and it was just really important to me that she had some dignity and that she wasn't in pain.
 She was unconscious throughout this time, but I was able to.",7.35E+18,#stitch with @Madi Hart ,1710871075,FALSE,161,TRUE,611200,64100,10400,878,6.94E+18,resolutera,original sound,Insignificant me,FALSE,stitch,"Diary & VLOG,Daily Life,Lifestyle",,TRUE,FALSE,"While about grief, loss, and the emotional difficulties of someone's last moments, this story is an informal example of trauma that does not rise to the level of direct engagement with clinically-relevant mental health conditions.",test,
100020,https://www.tiktokv.com/share/video/7376681031010700587/,done,"♪ Don't be, I'm just a clown ♪
 (upbeat music)
 (upbeat music)
 ♪ Oh, there you are ♪
 ♪ I've been looking forward for you ♪
 ♪ Do you want some candy ♪
 (maniacal laughing)
 - Just came out of the exam, it wasn't too bad.
 I'm glad I studied.
 We have another final exam tomorrow,
 stay tuned and don't do all night as yourself.",7.38E+18,and so the cycle begins again… #studytosuccess #allnighter #dentalstudent #dentalschool #ucladentalschool #ucladentistry #finalexams #studywithme #studytok #studyhacks #studytips #studying,1717517400,FALSE,64,TRUE,11500000,1800000,31700,2858,6.89E+18,kaybchung,Clown-Song - Electronic Radio Mix,P-Control,FALSE,"studytosuccess,allnighter,dentalstudent,dentalschool,ucladentalschool,ucladentistry,finalexams,studywithme,studytok,studyhacks,studytips,studying","Campus Life,Daily Life,Lifestyle",,FALSE,FALSE,"This video discusses exams and dentistry, and has no evidence of engagement with clinical mental health conditions.",test,
366531,https://www.tiktokv.com/share/video/7495436736235900182/,done,"(upbeat music)
 (upbeat music)",7.50E+18,Happy Easter friends ❤️#veronicamirgova1 #gypsygirl ,1745167364,FALSE,60,FALSE,2500000,155500,6884,1311,6.93E+18,veronicamirgova1,Klarinet Kuchek,Ork Altinlar,FALSE,"veronicamirgova1,gypsygirl","Mukbangs & Tasting,Food & Drink,Lifestyle","polish sausage,what i ate on easter,romanian,sausage mukbang,gypsy culture europe,gypsy girl,gypsy culture,sausage,Gypsy Woman,what i ate",FALSE,FALSE,"This video discusses eating and mukbang culture, and has no evidence of engagement with clinical mental health conditions.",test,
887209,https://www.tiktokv.com/share/video/7486126980086238486/,done,[Music],7.49E+18,the list could go on endlessly,1742999770,FALSE,9,FALSE,101000,15500,203,70,7.08E+18,d1etc0kewhore,Ghost Town,Kanye West,TRUE,,"Lip-sync,Lip-sync,Performance","october 2021,canon oldest daughter,canon events for mentally ill,mia canon event,canon events for girls,canon events,canon events adhd,neurodivergent canon events,florence,cannon event aurism",TRUE,TRUE,"While this is difficult to classify wthout the video text, but ""canon events for mentally ill"" indicates that the video is about a list of key events that shaped the experiences of someone with a (self-)diagnosable mental health condition, and is thus mental-health related. ",test,
64665,https://www.tiktokv.com/share/video/7505116926205594911/,done,"♪ More than happy and more than sad ♪
 ♪ And more than angry and more than bad ♪
 ♪ The king is ♪",7.51E+18,Honestly devastating #lesbiansoftiktok #foryou #softfemalestrongeyecontact #lmao #wlw #queerhumor #fyp #wuhluhwuh #lesbiancrisis ,1747421218,FALSE,8,FALSE,7700000,369800,4297,1387,6.94E+18,__olivia_r,Borderline,Ely Oaks & LAVINIA,FALSE,"lesbiansoftiktok,foryou,softfemalestrongeyecontact,lmao,wlw,queerhumor,fyp,wuhluhwuh,lesbiancrisis","Romance,Relationship,Family & Relationship","Lesbians Tiktok,lesbian girls,lesbian love,Girl,Lesbian Eye Contact,Lesbian Femme,borderline song lyrics,Tottenham,Borderline Song,man utd vs tottenham",FALSE,FALSE,"The only word vaguely suggestive of mental health content, borderline, is about song lyrics and entirely unrelated to the content of the video, which is otherwise about lesbian romance.",test,
498637,https://www.tiktokv.com/share/video/7482471251873631519/,done,"- Heard something about some duck pack, bro.
 - Yeah, boy. - What is that?
 - That sh*t's on fire.
 - It's a strain about a year old, bro.
 - Yo, that sh*t ain't excited enough.
 Yo, I just sh*t ain't got bad anxiety.
 I said duck pack that sh*t ain't got happy as sh*t.
 - Hey, man, it's that duck pack.
 All right.
 (laughing)
 - Bro.
 - This is the reason.
 - 400 and 48 grams.
 - It's gone, flight.
 It's gone.
 It's gone, bro.
 And it just didn't evaporate, bro.
 You put my body in this condition, bro.
 - Of duck pack.
 And yeah, y'all couldn't get me.
 Yeah, it's my brother.
 He has some duck pack, y'all.
 Tell him what happened.
 (laughing)
 - Man, hey, that was in that flight pack too, wasn't it?
 - That's the 2.0 strain here.
 - Yo, got me scratched out all the way up.
 (laughing)
 Rolled it up, bro, did it like three times, man.
 It's gone, man.
 Penis taken.
 - That's hard, man.
 That's a whole sh*t.
 - Yeah, yeah.
 (upbeat music)
 - Oh, sh*t!
 Oh!
 [MUSIC]",7.48E+18,mythical loot #flightreacts #fyp #foryoupage #fypシ ,1742148620,FALSE,94,TRUE,8800000,1400000,137700,3440,7.05E+18,onlyftc,original sound,onlyftc,FALSE,"flightreacts,fyp,foryoupage,fypシ","Comedy,Performance","dutt pack review,how much does a dutt pack cost,what is dutt bag,dutt pack unboxing,Flight,flightreacts,dutt,Flight Reacts Funny Moments,what is a dutt pack or bag,flight reacts highest moments",FALSE,FALSE,"There is no evidence of mental health related discussion here; instead, this is probably about recreational marijuana use. ",train,
191055,https://www.tiktokv.com/share/video/7488305099735977238/,done,"They friendly? What's their name?
 Brocky.
 Brocky? How old is Brocky?
 He's only 16 months.
 Oh my gosh, really?
 No, he's 44kg. Good boy Brock.
 How come you chose to get a Rottweiler if you don't mind me asking?
 I was attacked. It was all in the news. If you google ""3 women are attacked in Ilford"",
 the first one that will come up is evening standard. It'll say ""1 needed plastic surgery"", that's me.
 So there was two men who tried to drag a 17-year-old into a car park.
 Oh my god.
 And I grabbed her back, pushed the guy in his chest, said ""We're not doing this"".
 Next thing I knew, I was out cold, waking up from the floor,
 lip hanging off, literally just touching my chin.
 What did they do? They punched you?
 Yeah, but he had taken his hand, the police said,
 because so now I can't move the bottom of my mouth properly.
 To you, I'm probably saying that I'm talking to them, but to me,
 but the nerve is re-rooted, thank god.
 So I'm lucky, because if that didn't re-root, I'd go back to another operation on top of that.
 I'd do the same thing again.
 So he's more of a self-defense dog, isn't he?
 Yeah, well, I couldn't sleep, lucky, ready, steady.
 I couldn't sleep for the night, it happened in May last year, I got him in December,
 27th December was the first night I stepped through the night, so he's my baby.
 So many people are scared every night.
 Has it given you PTSD, then, some sort of?
 I've got serious PTSD, I'm now a secondary specialist, so I can't really preserve this one.
 I can't go back to the job I was doing, because I was managing relieving care things, and I spent",7.49E+18,“I stopped a kidnapping so now I have Brocky to protect me”  The full story of our interaction with Brocky and his hero mum ♥️ #rottweiler #rottweilersoftiktok ,1743506903,FALSE,176,TRUE,1600000,146700,1606,310,7.37E+18,mybestfriendstory,original sound,My Best Friend,FALSE,"rottweiler,rottweilersoftiktok","Pets,Animals,Nature","dog living outside,dogs protecting owners,protection dog,rottweiler and cat,ilford 3 women dogs,dogs being funny,ilford 3 women,unique dog names,can i say hello to your dog,brock rottweiler",TRUE,FALSE,"Another borderline case where I've selected FALSE. This video is about dog ownership - while there was a traumatic event that led to the owner acquiring the dog, she does not talk about the mental health impacts of that traumatic event beyond insomnia, which is not by itself a recognized mental health condition (though it may be a symptom). I would equally accept a TRUE classification here as justifiable.  ",train,
429942,https://www.tiktokv.com/share/video/7488778044711210270/,done,"As much as people love this version of Bonnie and Clyde, it's totally inaccurate.
 Part of what makes their deaths so tragic is that they didn't know it was coming.
 For all of their running and fighting and shooting, they couldn't escape death.
 And when it did creep up on them, they were caught totally unaware.
 They had just stopped for coffee and donuts at Canfield's Cafe and got sandwiches for
 the road.
 They drove six miles up the road when they were ambushed.
 Bonnie's sandwich had one bite taken out of it.
 It was sitting in her lap.
 The last thing she ever saw was a bullet tearing through Clyde's head, and she screamed.
 The highwaymen that ambushed them, many of them struggled with alcoholism and PTSD after
 the fact it haunted them.
 They fired so many rounds into the car that they had difficulty embalming their bodies
 because the liquid kept streaming out of their bullet-riddled flesh.
 Bonnie's fingers were blown off.
 Clyde's ear was dangling off.
 People tried to rip it off him when they drove the car through town.
 No version I've ever seen of Bonnie and Clyde except the highwaymen actually accurately
 depicts this.
 So if you want something interesting, watch that instead.",7.49E+18,"Pardon my passion, I’m writing a book on #bonnieandclyde at the moment. I’m also the author of #wickedwomen a poetry collection told by history’s most hated women featuring a poem recounting Bonnie’s perspective. Buy it at the link in bio or wherever you get your books! Original reel by: @lalalalaworld1428  #booktok#bonnieandclyde#thehighwaymen#bonnieparker#clydebarrow#publicenemyera#greatdepression#history#historybuff",1743617027,FALSE,63,TRUE,3300000,165000,1491,1454,6.84E+18,wickedwomenauthor,"Mozart/Requiem ""Lacrimosa""(1394506)",Mint,FALSE,"bonnieandclyde,wickedwomen,booktok,bonnieandclyde,thehighwaymen,bonnieparker,clydebarrow,publicenemyera,greatdepression,history,historybuff",,"Bonnie And Clyde,Bonnie And Clyde Story,highwaymen,the highwaymen ending,bonnie and clyde ending scene,bonnie and clyde highway men,the highwaymen ending scene,the highwaymen,bonnie and clyde movie,bonnie x clyde highwaymen",TRUE,FALSE,"This video tells the true story behind a popular myth, and although she mentions that there may have been mental health conditions experienced by the highwaymen, this is only a very passing reference and the experiences of those people are not really discussed, so while there's a small justification for TRUE, ultimately the better choice is FALSE.",test,
654689,https://www.tiktokv.com/share/video/7481861380484877614/,done,*outro music*,7.48E+18,Trap Royalty saved the great meme depression,1742006629,FALSE,11,FALSE,6000000,548200,18700,4645,6.77E+18,shlatfish,original sound,Inspect,FALSE,,"Comedy,Performance","Trap queen,trap royalty original,trap royalty memes,trap royalty peak edit,trap royalty trend,trap royalty invincible,trap royalty lyrics,meme calendar 2025,trap divinity,trap royalty one piece",FALSE,FALSE,"""The great meme depression"" seems entirely unrelated to a true discussion of mental health issues.",test,
734995,https://www.tiktokv.com/share/video/7501309883627638038/,done,[Outro Music],7.50E+18,It encapsulates it so well this is exactly what my brain is going through #fyp #foryou #djtucker #dj #chappel ,1746534816,FALSE,13,FALSE,264000,41100,3937,435,6.79E+18,iluvvcatsxo,original sound - Tucker Purcell,Tucker Purcell,FALSE,"fyp,foryou,djtucker,dj,chappel","Selfies,Daily Life,Lifestyle","dj tucker freestyle,over stimulated,dj tucker,autistic people,Autistic Stimming,stimming,Autistic Panic,autism content,Autistic People Be Like,autistic meltdown",TRUE,TRUE,,test,
770451,https://www.tiktokv.com/share/video/7522887178096004374/,done,"- My first AL set was just the first day
 of the first series of ""The In-betweeners.""
 - What was that like?
 - It was really, really hard.
 - What were you wearing?
 Was it your suit?
 - I can't remember what I was wearing.
 No, I think it was the first,
 it was in the car park at Thought Park.
 - Oh my God, yeah.
 I remember it well.
 It's completely taken.
 - But I remember I didn't,
 I couldn't really remember any of my lines.
 I was quite sort of shaky and sweaty.
 - Yeah.
 - And I kept asking to watch back every performance.
 - Oh, did you actually?
 - Every take, yeah.
 - What did they say?
 - I think they let me to begin with them.
 By the end, they were like,
 ""This has taken far too long.""
 But luckily my friend Joe Thomas,
 it was his first AL set as well,
 and he was, if anything, much worse than me.
 So that was a trauma comfort.
 - Did you remember your lines?
 - I'd spent so long learning them,
 and as soon as I stepped on set,
 instantly, it's all over.
 - Gone, yeah, proof.
 Yeah, that's the effect.",7.52E+18,Simon Bird's first day on set of The Inbetweeners was THAT Thorpe Park car park scene 🚗 #SuchBraveGirls #KatSadler #SimonBird #TheInbetweeners,1751558668,FALSE,45,TRUE,931600,66500,1177,114,6.78E+18,bafta,original sound,BAFTA,FALSE,"suchbravegirls,katsadler,simonbird,theinbetweeners","Celebrity Clips & Variety Show,Entertainment Culture,Entertainment","simon bird,the inbetweeners first episode,inbetweeners,inbetweeners thorpe park,Inbetweeners Bloopers,the inbetweeners,kat sadler inbetweeners,kat sadler,inbetweeners thorpe park car park scene,inbetweeners funny moments",FALSE,FALSE,"Trauma is once again used in a very casual way, simply as a comfort in a stressful situation on a film set, but unrelated to a particular mental health condition or the experiences thereof.",test,
838607,https://www.tiktokv.com/share/video/7504630066966449438/,done,"- Hi, I'd like to order 16 top dogs, please.
 - Hello.
 - I wanna die.
 - I think you should.
 You have no use to suicide.
 You'll waste innocent taxpayers' dollars,
 abuse the weak legal system,
 and enter a cowardly plea of insanity
 to a morally bankrupt defense for once.
 You know what?
 Make sure you point the barrel of the gun to the back of them.
 - I think I've changed my mind.
 - That is so not enough.
 (gun fires)
 - It's okay, all good.
 No broken legs, good job.
 - Excuse me, miss?
 - Do you have any idea why I pulled them?
 - Yes, I parked my vehicle illegally
 in the middle of the road,
 which causes the same safety hazard as leaving a vehicle.
 I was concerned for the safety of this toad.
 Do you think if I kiss it, he'll turn into a prince?
 - Maybe.
 - All right, so I think I'm gonna let you off
 the warning this time, miss.
 - Meadows.
 - Meadows, that's a beautiful day.
 Listen, we've been compiling the case information
 from the other jurisdictions,
 and we've got a deposit on the vigilante.
 And it looks like some kind of hope fiction Mary Poppins.
 Now, personally, I'm not buying
 that a woman is pulling all this off.
 - Good afternoon, Sheriff.
 so I thought maybe we could talk.",7.50E+18,#tiktok #fyp #movie #foryoupage,1747307863,FALSE,58,TRUE,475400,26700,380,94,7.18E+18,laurelleighton1986,original sound - LaurelLeighton1986,LaurelLeighton1986,FALSE,"tiktok,fyp,movie,foryoupage","Movies & TV works,Entertainment Culture,Entertainment",,TRUE,FALSE,,test,
912702,https://www.tiktokv.com/share/video/7467621221685841169/,done,"- Life therapy, you cutie patootie.
 - Did you know that up to 95% of people
 give up on their New Year's resolutions?
 Think about that, think about why it's that high.
 We try to make a massive life change
 right after the busy holidays and a long year.
 - We're tired, we better help ourselves first.
 - Back when COVID first hit,
 I was a struggling small business owner
 with horrible depression.
 And months later, I made a resolution to jog every morning
 to rejuvenate my mind a bit.
 I quit two weeks in.
 - More like New Year's persecution.
 - But your present doesn't have to define your possibilities.
 If you're rolling into 2025 on an empty tank,
 BetterHelp can match you with one of 30,000 licensed therapists
 based on your needs.
 - Professional counseling, heal quick!
 - After I quit jogging,
 I started meeting with a BetterHelp therapist
 and slowly but surely my motivation and my personality
 started coming back.
 And I want that for all of you, genuinely.
 You don't have to take on a challenge when everyone else does.
 So I would try BetterHelp first.
 Over 5 million people have used it worldwide.
 It's all done online.
 - Try it out, pals!
 [BLANK_AUDIO]",7.47E+18,New chapter. Blank page. Endless possibilities. Write a story you love in 2025.,1738691081,TRUE,59,FALSE,1100000,1635,54,0,6.78E+18,BetterHelp,Promoted Music,BetterHelp,FALSE,,,,TRUE,TRUE,,test,
658556,https://www.tiktokv.com/share/video/7468015155033410848/,done,(upbeat music),7.47E+18,Got me hand wet for this #adhd #meme#fyp,1738782784,FALSE,9,TRUE,1600000,251600,35700,1150,7.12E+18,unclesam_2001,original sound,adrianaaaa,FALSE,"adhd,meme,fyp","Comedy,Performance","when the adhd kicks in,how to study with adhd,Adhd Tiktok,Adhd brain,My Adhd Be Like,The ADHD Mind,Funny Adhd,Adhd Cleaning,adhd problems,overstimulated adhd",TRUE,TRUE,,test,
623365,https://www.tiktokv.com/share/video/7485200873581235487/,done,"best friends since pre-k how well do we really know each other my favorite food
 is mac and cheese and I guess Kylie's favorite food is snow crab Kate's
 favorite food is mac and cheese and mine is snow crab Kate Kate's favorite color
 is pink and I don't have a favorite color why does this people my favorite
 colors pink and I guess Kylie's favorite color is also pink when I grow up I
 want to be a child life specialist and when Kylie grows up she wants to be of
 emergency nurse or physical therapist Kate wants to be a child life specialist
 and I want to be something nurse I don't know I want four boys and Kate wants two
 girls and a boy with a middle boy I think okay I want three kids two boys one
 girl and Kylie wants three kids all boys or two kids all boys",7.49E+18,How well do we really know eachother 🤔🤨🧐 GONE WRONG (NOT CLICKBAIT) #loyaltytest #fakefriend #fypシ゚viral ,1742784161,FALSE,65,TRUE,4500000,988900,25200,3532,6.68E+18,kylieh_,original sound,Kylie Hartel,FALSE,"loyaltytest,fakefriend,fypシ゚viral",,"snow crab,child life specialist,How Well We Know Each Other,loyalty test,how well do you know each other,Test Your Friend,fake friend test,loyalty test clips,how well do you know me,Friend Tests Questions",FALSE,FALSE,,test,
214803,https://www.tiktokv.com/share/video/7483616867689499946/,done,(soft piano music),7.48E+18,"Please give him a chance 🙏🥺 He is still waiting… 💔   Rio has spent over 100 days alone in his glass enclosure, watching people walk past without a second glance. At 7 years old and FIV+, this sweet, loving boy is being overlooked, and it’s breaking our hearts. 💔 He’s been here since December, and the stress of shelter life is starting to take a toll—he’s overgrooming and losing his fur from anxiety.   Rio is an affectionate, quiet cat who adores people. The moment you step into his room, he lights up, purring and drooling with happiness when you pet him. He just wants someone to cuddle with, someone to love. ❤️   There’s a lot of misunderstanding about FIV, but Rio can still live a long, happy life. While FIV can be transmitted to other cats through deep bite wounds, Rio is a gentle soul who just needs a safe space where he can relax and feel loved. If you already have a cat, separate areas are recommended, but Rio would also thrive as a solo kitty.   He deserves a home where he won’t feel forgotten. Could that home be yours? Please don’t let him spend another day waiting. 🙏🐾 #AdoptRio #FIVCat #RescueLove #100DaysTooLong   Thanks to Benny’s Buddies, Rio’s adoption fee is fully covered! 🏒🐶🐱 Every time #9 Sam Bennett of the Florida Panthers scores a goal, another shelter pet benefits.   If Rio sounds like he might be a good fit for you, please fill out a pre-adoption application at www.humanebroward.com (link in bio) and come to the shelter to meet him. The shelter is located at 2070 Griffin Road, Fort Lauderdale, FL and opens daily at 11 a.m. If you have any questions, please call 954-989-3977 ext. 6.    #rio #cat #catrescue #adoptme #catsofinstagram #catstagram #adoptacat #catreel #catreels #animalshelter #animalrescue #dogshelter #fortlauderdale #florida #instacat #instadaily #instapet #catadoption #adoptasheltercat #tabby #happycat #tuxedocat #oldercat #felinelove",1742415344,FALSE,22,TRUE,887200,94700,8840,1271,6.81E+18,humanebroward,original sound,Humane Society Broward County,FALSE,"adoptrio,fivcat,rescuelove,100daystoolong,9,rio,cat,catrescue,adoptme,catsofinstagram,catstagram,adoptacat,catreel,catreels,animalshelter,animalrescue,dogshelter,fortlauderdale,florida,instacat,instadaily,instapet,catadoption,adoptasheltercat,tabby,happycat,tuxedocat,oldercat,felinelove","Pets,Animals,Nature",,FALSE,FALSE,,test,
269868,https://www.tiktokv.com/share/video/7416030796185734433/,done,"- Today we've got eyelashes on my body.
 (laughing)
 You know what, it is, you're not a hounding me.
 And also I'm not showing her face still.
 I know you all know who she is.
 I know you do, but for my mental health,
 I'm pretending you don't.
 So she's not on, but her voice is on.
 Yeah, it's like a voice of God.
 So yeah, welcome eyelashes.
 - Hey.
 - Hey babe.
 - Are you nervous?
 - No.
 - You're not nervous.
 - Mm-mm.
 - Sometimes.
 (laughing)
 - Sometimes.
 I feel like, can you explain to people
 why I called you eyelashes?
 - 'Cause I have the best eyelashes out there.
 - You've got the best eyelashes in town by the way.
 - They're not real, but they are the best.
 - Of course.
 They're giving like C curl.
 - Hybrid.
 - Hybrid.
 - I'm not gonna tell you who does them
 'cause then you might leave me
 for someone who has--
 - Yeah, flashers.
 - Yeah, God forbid, never again.
 Okay, your version of events, how did we meet?",7.42E+18,#gkbarry #ellarutherford #clips #mollymae #girls ,1726679229,FALSE,61,TRUE,1400000,73800,191,32,7.40E+18,topvideosonline1,original sound,topvidsgirls 🩷,FALSE,"gkbarry,ellarutherford,clips,mollymae,girls","Celebrity Clips & Variety Show,Entertainment Culture,Entertainment","Ella Rutherford,gk barry,ella rutherford and gk barry,gk barry and ella rutherford podcast,ella rutherford football,gk barry girlfriend,what team does ella rutherford play for,ella toone gkbarry,gk barry podcasts,gk barry and eyelashes podcast",TRUE,FALSE,,test,
624271,https://www.tiktokv.com/share/video/7487385996183489834/,done,"I'm vanilla baby. I'll choke you, but I ain't no killer baby. She 28 tellin' me I'm still a baby. I get love in Detroit like Skilla Baby.",7.49E+18,1 more day of being 28 😂 @Logan Paulsen @Danny Spongberg #temptationisland #netflix #realityTV #traumaisland #travel #cabo #cougar #twoboyfriends ,1743292934,FALSE,8,FALSE,2600000,284800,5634,475,6.75E+18,_ashhmoore,Lovin On Me,Jack Harlow,TRUE,"temptationisland,netflix,realitytv,traumaisland,travel,cabo,cougar,twoboyfriends","Lip-sync,Lip-sync,Performance",,FALSE,FALSE,,test,
371656,https://www.tiktokv.com/share/video/7483981779930598687/,done,"The funny thing about getting better at socializing is that it is the exact opposite of everything
 you think it's going to be.
 If you're socially anxious, what do you do?
 You replay every scenario in your head, try to perfect it, try to be more funny, more
 interesting.
 Tell yourself, ""Oh, if I would have said that joke at that moment, that that would have
 been funny.""
 Or if you're in the moment, you think about what you should say next and what outcome
 you want out of each social interaction.
 And yet the only way to actually get better at socializing is to forget completely about
 the outcome.
 Completely drop all your expectations because that is when you become calm and relaxed.
 That is when you become natural and that's when conversations flow naturally.
 When you're talking with someone you're comfortable with, you're not thinking about what to say
 next or what kind of joke to say here or there.
 You're just bouncing off the other person and you're responding intuitively.
 So if you want to get better at socializing, you have to stop caring about being better
 at socializing.",7.48E+18,#socialanxiety #socialanxietey #sociallyawkward #socialskills #shy ,1742500313,FALSE,54,TRUE,910700,81200,1297,508,6.98E+18,calmconfidencecoach,original sound,Charlie P,TRUE,"socialanxiety,socialanxietey,sociallyawkward,socialskills,shy","Health & Wellness,Fitness & Health,Sport & Outdoor",,TRUE,TRUE,,test,
454036,https://www.tiktokv.com/share/video/7522228894418636062/,done,,7.52E+18,ADHD😭 I’ll do it tomorrow😂 #adhd #meme #foryoupage #fypシ゚viral ,1751405405,FALSE,10,TRUE,1800000,238700,108800,454,6.72E+18,lifeaslizzie,original sound,I Green Screen Things,FALSE,"adhd,meme,foryoupage,fypシ゚viral","Comedy,Performance","burst of energy cleaning,clean my room black mom,tiny chef,tiny chef crying,Cleaning Room,ADHD Cleaning,Cleaning the room,Adhd Tiktok,tiny chef meme,My Adhd Be Like",TRUE,TRUE,,test,
661516,https://www.tiktokv.com/share/video/7477403137771408686/,done,"♪ Somebody's watching me, it's my anxiety ♪
 (",7.48E+18,She’s just a girl 😇🎀 #girlmom #toddlersoftiktok #fyp #parati #momanddaughter ,1740968613,FALSE,11,TRUE,8400000,1100000,144000,9274,6.78E+18,janellececilia,Anxiety,Doechii,TRUE,"girlmom,toddlersoftiktok,fyp,parati,momanddaughter","Babies,Family,Family & Relationship","toddler in heels,anxiety dance son and mum,anxiety song fresh prince,the anxiety dance challenge,jelly shoes,boy mom,toddler horse rider,anxiety doechii,toddler shoe,toddler",TRUE,FALSE,,test,
639713,https://www.tiktokv.com/share/video/7489986523421658414/,done,"I'm going to have to get the hose out on you, too.",7.49E+18,Love on the spectrum #love #autism #fyp #foryoupage #adorable #netflix ,1743898413,FALSE,19,TRUE,663500,6911,3210,104,6.78E+18,lolohelgeson,original sound,LaurenH,FALSE,"love,autism,fyp,foryoupage,adorable,netflix","Movies & TV works,Entertainment Culture,Entertainment",,TRUE,TRUE,,test,
816965,https://www.tiktokv.com/share/video/7502957834284617006/,done,"♪ I sit for hours, telling all the bluebirds ♪
 ♪ The billy coo-birds, pretty little baby ♪",7.50E+18,"Acupuncture is great for kids: a gentle, natural way to support their body’s healing, calm their mind, and boost their energy 🌿✨ #offgrid #homesteader #acupuncture #chinesemedicine #wholesome #motherhood #momoftwo ",1746918537,FALSE,8,TRUE,374100,28100,261,217,7.09E+18,junglefairyfarm,Pretty Little Baby,Connie Francis,TRUE,"offgrid,homesteader,acupuncture,chinesemedicine,wholesome,motherhood,momoftwo",,"acupuncture pain,traditional chinese medicine treatments,acupuncture,acupuncture benefits,Child,acupressure,chinese medicine,Child care,acupuncture doll asmr,cupping therapy",FALSE,FALSE,,test,
466511,https://www.tiktokv.com/share/video/7512389643757849858/,done,"♪♪♪
 ♪ I never do this ♪
 ♪ I swear I don't ♪
 ♪ I stay away from girls like you ♪
 ♪ You make me nervous ♪
 ♪ We've had a few drinks ♪
 ♪ You're feeling bold ♪
 ♪ You got your arms around my neck ♪
 ♪ I'm hyped before ♪
 ♪ 'Cause ♪
 ♪ What do I do now, breaking the sweat ♪
 ♪ Keep it on the lowdown ♪
 ♪ Can't you tell that I'm anxious, baby ♪
 ♪ Feel my heart beat, go boom, boom, boom ♪",7.51E+18,"4. Puppet  the one track i feel my parents should skip, wait and More! is also on the mixtape so there's that #newmusic #puppet ",1749114521,FALSE,37,FALSE,1800000,141200,948,569,6.67E+18,nxdiamusic,Puppet,Nxdia,FALSE,"newmusic,puppet","Beauty,Beauty & Care,Beauty & Style","lamb chop puppet,dragon puppet,she likes a boy and i'm not a boy,puppet fnaf movie,puppet on a string,puppet music box,diego the puppet,puppet,security puppet,puppet fnaf",FALSE,FALSE,,test,
856660,https://www.tiktokv.com/share/video/7443971171994881323/,done,"People who say food noise is not a real thing are people who have never
 experienced food noise, but just because you have an experience doesn't mean it's
 not real. See, many people who struggle with obesity and some who do not struggle
 with obesity struggle with intense, intense food noise. And what this is is
 extremely intrusive thoughts of always thinking about food. Let me give you an
 example. I am someone who struggles with food noise a lot. So for example, let's
 say that my wife and I go out to dinner and I eat all of my food because I always
 do, but my wife only eats half of hers and she wants to save it for later. Well,
 I will not stop thinking about that food until it's gone. It doesn't matter if she
 brings it home. It doesn't matter if she puts it in a container and puts it away.
 I will not stop thinking about that food until either she eats it or I eat it.
 Then let's go on. We eat that. She actually didn't eat hers. I ended up
 eating the rest of it. Then later on that night, we decided to have a little bit
 of ice cream. So I serve myself some ice cream. I serve her some ice cream. Well,
 if we did not eat all the ice cream that is in the freezer, I will not stop
 thinking about that ice cream until it is also gone. That is food noise. It's this
 intrusive, unrelenting thought about food and certain foods that is just like
 extremely hard to satiate unless you eat whatever food it is that you're
 thinking about. So people all the time are just like, well, just stop eating.
 Don't eat that. Eat in a calorie deficit. Well, it's very easy to say if you do not
 struggle with this constant food noise that a lot of people with obesity deal
 with. Food noise is real. Do not let people tell you that it's not. And
 thankfully, now we have medications that help combat it.",7.44E+18,Food noise….. yes its real @thebellaanderson,1733184605,FALSE,88,TRUE,2400000,121000,12400,3448,6.74E+18,dr.tommymartin,original sound,Tommy Martin M.D.,FALSE,,"Health & Wellness,Fitness & Health,Sport & Outdoor","Bbq Foods,tommy the food guy,vitamin d foods,Portuguese food,food snacks,Nutrient Dense Food,food stuffs,food noise skits,the anderson sister,food stuck in throat",TRUE,TRUE,,test,
977575,https://www.tiktokv.com/share/video/7389051759844429099/,done,"He's sitting there, and he's watching the movie, and he's perfect, and he smells really good.
 *crunch*
 He smells really good, and he looks really good.
 I am stupid, I said thank you.
 Whoa, whoa, whoa. You said thank you?
 When he kissed me.
 Wait, when he kissed you again?
 What, is he just at a prison or something?
 No, not now. Yesterday, at the store.
 Oh, alright, strike the prison comment.
 So wait, he kissed you, and you said thank you?
 Yes.
 Well, that was very polite.
 No, it was stupid.
 And I don't know what I'm doing here. You're sitting in the kitchen. What kind of chaperone are you?
 Me? I'm not trying to be a chaperone. I'm trying to be a girlfriend.",7.39E+18,"Brown Butter Trash Can Cookies Recipe:  • 3/4 cup cane sugar • 1 cup light brown sugar  • 1 cup of butter (melted and browned in a pan) • 2 eggs  • 2 tsp of vanilla extract  • 2.5 cups of flour  • 1/2 tsp of salt  • 1 tsp baking powder • 3/4 tsp baking soda  • 1/2 cup of mini peanut butter m&ms  • 1/2 cup of milk chocolate chips  • 1/2 cup of wavy potato chips crushed • 1/2 cup of pretzels crushed  Directions: Melt butter in a pan on mediun heat, leave on until the color starts to brown then remove from heat. In a bowl, add both sugars and melted butter, combine using an electric mixer. Add eggs and vanilla, beat with mxer again. In another bowl combine all the dry ingredients and slowly fold into your wet mixture. Lastly, fold in your mix ins. Roll into balls or use a cookie scooper, preheat oven to 350 degrees and bake for 12 minutes.  #asmr #asmrbaking #baking #cookies #chocolate #relaxing #bakingrecipe #fourthofjuly #baketok #bakingtherapy ",1720397683,FALSE,35,TRUE,1800000,136700,5964,616,13177574,kayleycedrone,Lover boy Gilmore girls sound track,Drama queen x,FALSE,"asmr,asmrbaking,baking,cookies,chocolate,relaxing,bakingrecipe,fourthofjuly,baketok,bakingtherapy","Cooking,Food & Drink,Lifestyle","kitchen sink cookies,brown butter cookies,does my browned butter have to be cool,brown butter,how long do i put my cookies jn the frudge,brown butter chocolate chip cookie,how to make cookies,trash can cookies,cookie recipe,Baking recipes",FALSE,FALSE,,test,
177344,https://www.tiktokv.com/share/video/7495875414494121262/,done,[Music],7.50E+18,The PTSD though…… #covid #trauma #traumadumping #nurse #nursesoftiktok #hoax #republican #democrat #provax #rn #healthcare #villian #traumarecovery #ptsd ,1745269535,FALSE,6,FALSE,679500,34600,179,3863,6.74E+18,daffneychekki,original sound,NYES | Fashion,TRUE,"covid,trauma,traumadumping,nurse,nursesoftiktok,hoax,republican,democrat,provax,rn,healthcare,villian,traumarecovery,ptsd",,,TRUE,TRUE,,test,
953199,https://www.tiktokv.com/share/video/7455764357058792737/,done,"Compculate eggs with me.
 Welcome back to the January challenge.
 We're trying to see how much money we can make
 from a flock of 130 laying hens in a month.
 The challenge at the moment is shaping up
 to be actually selling the eggs.
 Went around three pubs today, one of which was shut,
 one of which the chef didn't want to talk to me,
 and the other got another local supplier.
 So great news to the local supplier
 and good news for sustainability, et cetera,
 but not good for me right now.
 Gave the hens another sack of food today.
 Plus this sack of corn I've just brought out
 brings our spend today up to 20 quid.
 I'm trying not to be too disheartened.
 If it was easy for small farmers to set up shop
 and sell all their produce,
 there wouldn't be a problem in farming today.
 But there is, and that's why I'm here.
 There's still tens more pubs in the local area,
 and indeed those pubs may still come back to me
 with positive news.
 But for now, we'll just collect eggs.
 Right, we had this comment yesterday saying,
 ""Do an infinity sign,"" and I could not possibly screw it up.
 Not sure about that, but we will do our best not to.
 Where's everyone else?
 This isn't all 130 of you, is it?
 Just need some more chickens.
 Come on, guys, go to him, please.",7.46E+18,My daily does of ‘no’ therapy  #chicken #eggs #farming #farm #sustainability #farmlife ,1735930425,FALSE,380,TRUE,265100,13100,176,349,7.05E+18,wheretheftostart,original sound,Where the F**m to start,FALSE,"chicken,eggs,farming,farm,sustainability,farmlife","Farm Animals,Animals,Nature",,FALSE,FALSE,,test,
87716,https://www.tiktokv.com/share/video/7522176151184330039/,done,(upbeat music),7.52E+18,anxious attachment #anxiousattachment #attachmentstyle #fyp #digicam #digitalcamera ,1751393155,FALSE,18,FALSE,6900000,808400,25500,1370,7.43E+18,rip.shambles,goodbye,shambles,FALSE,"anxiousattachment,attachmentstyle,fyp,digicam,digitalcamera",,"Avoidant Attachment,anxious and avoidant attachment,attachment styles and adhd women,kids anxious attachment,why am i anxious attachment,what causes anxious attachment,anxious avoidant attachment,anxious attachment style,anxious attachment,attachment issue",TRUE,TRUE,,test,
226509,https://www.tiktokv.com/share/video/7456389735330696480/,done,"On this video, a lot of people were asking me where I got my tray from
 and where I got my coloring equipment from.
 I have linked it in a different video before,
 but I thought I'd just link it all again so you guys can see.
 But all of this stuff is from TikTok shop.
 The tray is from TikTok shop, and it's so handy.
 It's got loads of different holes and compartments in.
 So as you can see, I could put my pens in, I could put my Stanley.
 It's absolutely lovely.
 And you can just use it wherever you are.
 You can use it in bed. It's brilliant.
 And then these coloring books. Oh, my gosh, they're amazing.
 The Coco wire ones, they do so many different ones.
 And I will link them down below.
 Also, not all of them are Coco wire, but yeah, unreal.
 And then, of course, the acrylic paint pens, these are incredible.
 They don't leak through.
 And yeah, I'm going to leave everything linked down below.",7.46E+18,Replying to @K🫧 ✨🎨☁️ #colouring #adultcoloringbook #colouringtherapy #newhobby #colourtok #cocowyocoloringbook #colouringbook ,1736076029,TRUE,40,TRUE,2700000,62900,7549,605,6.77E+18,elliewhiteeee,original sound,Ellie-Marie,FALSE,"colouring,adultcoloringbook,colouringtherapy,newhobby,colourtok,cocowyocoloringbook,colouringbook","Graphic Art,Art,Talents","Colouring Books,coco wyo,colouring pen set,coco wyo coloring book,colouring,stress relief coloring book,Tray,Coco Wyo Relaxing Coloring Books,colouring with markers,satisfying colouring",FALSE,FALSE,,test,
73629,https://www.tiktokv.com/share/video/7496167382302559534/,done,[Music],7.50E+18,The waterslide dance 🌊 Abbey will be singing her original song at the Greek Theater for @autism speaks on Saturday April 26th! Tickets in bio ✨ #abbeyautism,1745337525,FALSE,17,TRUE,2800000,185400,12400,724,7.05E+18,hatsbyabbey,original sound,Abbey,FALSE,abbeyautism,"Singing & Instruments,Singing & Dancing,Talents","abbey david song,autism speaks problem,autism speaks charity,trixie meeting abbey love on the spectrum,abbey song for david,autism speaks commercial,abbey love on the spectrum,autism speaks explained,Abbey,autism content",TRUE,TRUE,,test,
537409,https://www.tiktokv.com/share/video/7391507141888068897/,done,"Hello, hello, hello Ella. Hi, lovely to meet you. Lovely to meet you as well. Oh, unfortunately I've heard about you through him. Aww, tell me about it. Don't you think his head looks a bit like a pin pongie? I've always said massive golf head. Yeah! Massive golf head. Yes, yes. Did I ever tell you about the one time that he went to a Drake concert? No, no, no. He bit... Oh! What? I heard medical issues when I was younger guys. Yeah, no one does a matter. Do you remember when Drake started saying BBL pissy? Yeah, yeah. He never said that. He started going BBL pissy. See you later.
 Well, it's funny, because a year later he did a Justin Bieber concert. No! A medical issues, guys. Blood a problem. He was such a loser, man. Is that why you stink so much? Yeah, he does actually stink, doesn't he? He's fucking minging. I had to give you my favourites, didn't I? That's a different medical issue. Yeah, well, that's a medical issue, medical issue. I'm still saying. Doesn't explain how your bag got closed in the doors of a tube. Yeah. And you lost all of your items. I lost everything right now. That is so, that is so depressing. What items? They're going into him.
 Little broke boy. How about you just actually fuck off? No, go away. No, you suck. No, I hate this man. I hate him so much.",7.39E+18,#fyp #foryou #foryoupage @CamelSkits ,1720969371,FALSE,68,TRUE,424500,83500,4516,243,7.08E+18,ellawillstv,original sound,ella <3,FALSE,"fyp,foryou,foryoupage","Scripted Comedy,Comedy,Performance",,FALSE,FALSE,,test,
603540,https://www.tiktokv.com/share/video/7494815715304918318/,done,(soft music),7.49E+18,creamy thocky therapy ⌨️☺️ #asmr #asmrsounds #keyboardasmr #typingasmr #tippytaps #mechanicalkeyboard #keebtok #desksetup #cozysetup #cozyvibes #cozyathome ,1745022782,FALSE,14,TRUE,1100000,98500,6763,627,6.82E+18,withcorinna,Dreamy Girl,Headphone Chill Girl,FALSE,"asmr,asmrsounds,keyboardasmr,typingasmr,tippytaps,mechanicalkeyboard,keebtok,desksetup,cozysetup,cozyvibes,cozyathome","Oddly Satisfying,Daily Life,Lifestyle","Creamy Keyboards,akko mu01 keyboard,thocky keyboard,Keyboard,Silent keyboard,keyboard creamy sound,nuphy keyboard,ASMR Typing Keyboard,Mechanical Keyboard,Keyboard Sounds",FALSE,FALSE,,test,
669431,https://www.tiktokv.com/share/video/7467655300754017569/,done,"Are you up for a joyride later?
 Where do you want to take me?
 Yes.",7.47E+18,One crash out summer and being threatened with a section lmaoooo #bpd ,1738699005,FALSE,8,FALSE,80300,5753,18,62,6.82E+18,hollyontheborderline,original sound,𓆩ᥫ᭡𓆪,TRUE,bpd,"Lip-sync,Lip-sync,Performance",,TRUE,TRUE,,test,
730867,https://www.tiktokv.com/share/video/7510303569438903583/,done,"♪ Tell me what to do to make it all feel better ♪
 ♪ Maybe it's a good joke on me ♪
 ♪ Whatever, whatever ♪",7.51E+18,"All I remember thinking was “oh my god I can see her bones” she was just on her phone, I was getting off the ride and she was next in line, I’m assuming next to her mom. I just know she looked absolutely miserable. Like she was in pain, didn’t want to be there, and very anxiously checking her phone. To me It seemed like she didn’t even want to get on the ride. And a few hours later I saw a video about Eugenia and she was at Disney lo and behold. I was shocked she was so popular.  #eugeniacooney #eugenia #ednotsheereen #disney #rollercoaster #influencer #influencersinthewild ",1748628838,FALSE,9,FALSE,313400,31300,75,175,7.31E+18,the.heart.is.a.muscle,original sound,⭐️,FALSE,"eugeniacooney,eugenia,ednotsheereen,disney,rollercoaster,influencer,influencersinthewild",,Disneyland,FALSE,FALSE,,test,
96075,https://www.tiktokv.com/share/video/7502202087405538591/,done,And I work like a dog day and night living off of coffee from a pot none of you want to talk,7.50E+18,shrinky dinks are about to give me a panic attack #fyp #teachersoftiktok #mothersday #teacherlife ,1746742549,FALSE,7,FALSE,4100000,591900,7880,1175,6.67E+18,kahlmemaybe,original sound,"Boy Please, Whatever! Podcast",FALSE,"fyp,teachersoftiktok,mothersday,teacherlife","Cooking,Food & Drink,Lifestyle","last minute mother's day gifts,shrinky dinks mothers day,how to make shrinky dinks,baking shrinky dinks,shrinky dinks,mothers day craft,Teacher Pov,teacher tiktok,mothers day,teachers of tiktok",TRUE,FALSE,,test,
286301,https://www.tiktokv.com/share/video/7387115164765605152/,done,"Autistic people are so predictable. I bet you this will be right nine times out of ten
 I'm gonna tell you the three things that nine out of ten autistic people would choose if they could have anything they wanted in
 The world. Number one is to have their own space to have a space in which no one else can access as simple as that
 Literally a house a building just a space in which they can lock the door and no one else can enter
 To have that sensory freedom to have no one else to tell them what to do or to control
 Their environment or perception of themselves
 Yeah, perfect. Number two is unlimited time to discover
 research and understand their special interests or
 Interest whatever it may be if you're not aware of what it is already the desire to have one to find what makes you focus
 So intensely and to find such enjoyment from is literally the epitome of every single autistic person's
 dream to just be able to focus on nothing else but that and that's their contribution. Number three is a bit of a rogue one
 But I genuinely think that almost every autistic person would absolutely love one of these is a sensory swing
 To just have a massive swing in which they can lay in and swing about on
 I personally think that every single autistic person would be very happy if they had one
 So there's obviously other things but I think these three things
 I'm confident. I'm fairly accurate though",7.39E+18,How accurate am I? #autism #asd #autismawareness #autismo #neurodivergent ,1719946786,FALSE,81,TRUE,1600000,118800,6419,3431,6.53E+18,lukegrosch,original sound,Luke Grosch,FALSE,"autism,asd,autismawareness,autismo,neurodivergent","Health & Wellness,Fitness & Health,Sport & Outdoor","Sensory swing,is chewi g clothes a sign of autisium,why are some autistic ppl so smart,why are some autistic so hard working,autistic and leaving a new job,autistic people,autism content,autism awareness,Sensory,autistic girl",TRUE,TRUE,,test,
691146,https://www.tiktokv.com/share/video/7444582524694629655/,done,"I see the question red of all, and the building on his own, it when the suns come shining through.
 To make a friend walk in my mind when I think of more sunshine, and I can spend some time with you.
 Just the two of us, we can make it if we try.
 Just the two of us, just the two of us, just the two of us, building on in the sky.
 Just the two of us, you and I, we look for opportunities, we're brought to all that we sell.
 It doesn't make no problems, bro, cursing might come to those who wait.
 Not that those who wait too late, because to go for all we know.
 Just the two of us, we can make it if we try.
 Just the two of us, just the two of us.",7.44E+18,"Hello everyone, many people wonder why I am over 50 years old and still look much younger. Many people want to know the secret that makes me like this. Today, I would like to tell you that the important things that make you healthy and look young can be divided into three important things. The first is physical strength, which means exercising and eating the food you eat every day. The second is mental health. If your mind is happy, in a good mood, and always think positive, we will be free from stress that stimulates dullness and aging. The third is taking care of yourself externally, such as nourishing and restoring your skin and hair shape, which indicate your external personality. Today, I will review the third important thing. ""The nourishing creams and cosmetics used to nourish and care for my skin and hair in this clip are not sponsored by any sponsors. They are just things that I have used daily for a long time. I hope everyone enjoys watching and listening to the song that I covered. I love everyone.#Chistmas #somewhereovertherainbow #beautyhacks #forupage #fyp #viral_video #trendingvideo #skincare #anucatittawan #anucatittawansofi ",1733326945,FALSE,182,TRUE,998800,96700,47400,1830,6.59E+18,anucatittawansofi,เสียงต้นฉบับ,Anuc Atittawan,TRUE,"chistmas,somewhereovertherainbow,beautyhacks,forupage,fyp,viral_video,trendingvideo,skincare,anucatittawan,anucatittawansofi","Beauty,Beauty & Care,Beauty & Style",,FALSE,FALSE,,test,
755327,https://www.tiktokv.com/share/video/7358825735361973536/,done,[Music],7.36E+18,New dance unlocked 🔓😂🧚🏻‍♀️ this remix is fire #dance #viral #couple ,1713360142,FALSE,15,FALSE,20700000,1700000,26200,3841,6.97E+18,jamesandjasmin,made in romania brazilian funk,Ali Beats,FALSE,"dance,viral,couple","Finger Dance & Basic Dance,Singing & Dancing,Talents","22 tiktok dance,james and jasmine,insomnia dance,james jasmin mia cadel,yimmy yimmy yimmy dance,couple dance trend,james jasmin,straight couple footloose,made in romania dance,dancing tiktok trends",FALSE,FALSE,,test,
319096,https://www.tiktokv.com/share/video/7419523564572806442/,done,"I'll never forget his face 'cause I said it so casually.
 I'm like, I just don't really know what to do.
 My stepdad asked me to make porn with him and I said no,
 but now I'm scared he's gonna make me do it.
 And he's like, what?
 I wanted to talk to my teacher, Mr. Althich,
 my ninth grade algebra teacher.
 I raised my hand, I'm like, I need to talk to you outside.
 He's like, yeah, what's going on?
 And I'm like so convinced that I'm overreacting.
 I'll never forget his face 'cause I said it so casually.
 I'm like, I just don't really know what to do.
 My stepdad asked me to make porn with him and I said no,
 but now I'm scared he's gonna make me do it.
 And he's like, what?
 And I'm just like, yeah, he asked me to make porn.
 He said that would be sold overseas to his buddies at work.
 I'm thinking he knows exactly what I'm talking about.
 This is like no big deal. - This is normal.
 - Exactly, look at how all dads do this.
 And he's like, no, please go to the counselor right now
 and tell the counselor exactly what you just told me.
 I'll have somebody else send up all of your school supplies.
 You're probably not gonna leave that office today.",7.42E+18,"Danielle bravely reported her stepfather to her 9th grade algebra teacher- and her whole life changed. Hear Danielle's full We're All Insane episode now on YouTube, Spotify, and Apple Podcasts.  #childhoodtrauma #wereallinsane #traumatok #trendingnow #fyppp #fypシ゚ #traumasurvivor #childabuseawareness😭 ",1727492452,FALSE,53,TRUE,3500000,296400,1936,512,7.11E+18,wereallinsane,3 am walk (Slowed & Reverb Version),daniel.mp3,FALSE,"childhoodtrauma,wereallinsane,traumatok,trendingnow,fyppp,fypシ゚,traumasurvivor,childabuseawareness😭","Social Issues,Society,Society",,TRUE,TRUE,,test,
991587,https://www.tiktokv.com/share/video/7403078247891668232/,done,(outro music),7.40E+18,"There’s an oxygen bar at Dubai airport.  This non-medical oxygen therapy spot will help you feel refreshed and stress-free before you get onto your flight. You can choose various different scents like lavender, peppermint and strawberry for Dhs35 for a 30-minute session.  Where: Oxygen Bar at sleep 'n fly, Terminal 3 Concourse B #dubai #oxygen #bar",1723663478,FALSE,10,FALSE,2200000,73100,5107,989,6.76E+18,timeoutdubai,wannabe intoxicated,That Guy,TRUE,"dubai,oxygen,bar","Health & Wellness,Fitness & Health,Sport & Outdoor",,FALSE,FALSE,,test,
701345,https://www.tiktokv.com/share/video/7422822454755806510/,done,"The brown boxer video literally shows pure corn, and people are traumatized right now.
 ♪ ♪
 So I'm sure you guys have all seen the trend right now.
 Wait, they don't love me like I love you.
 Under this sound, there is a guy with just nothing but boxers on,
 and he's doing the dance, and the third leg just flies out.
 Now, the video I played in the beginning is not the video.
 I cannot play the video in this video for obvious reasons.
 If I show it, it will get taken down,
 but I promise you do not look at that one brown boxer video.
 You will be traumatized.
 One of my friends, Walter, made a very detailed video about it,
 so if you want to go look at it at your own risk, go ahead.
 But there's several videos under the ""they don't love me like I love you"" sound
 that are like this you may just have to scroll for a bit.
 As people are kind of looking for it right now,
 saying things under these videos like, ""Is this it? I'm confused. I'm trying to find it.""
 And I cover daily trends, news, and updates, so make you guys
 add me to come back and watch that video at your own risk.",7.42E+18,Brown boxer boy update  #waittheydontloveyoulikeiloveyou  #maps #foryou #trending ,1728260535,FALSE,61,TRUE,3200000,156000,943,388,7.14E+18,kai_lanier,original sound,Kai,FALSE,"waittheydontloveyoulikeiloveyou,maps,foryou,trending","Comedy,Performance",,FALSE,FALSE,,test,
771493,https://www.tiktokv.com/share/video/7515119396021406998/,done,"Right, if you've got higher extensions, you need these.
 Basically, I needed a nice, big, thick, wide plate
 'cause the skinny plate was just making the curls
 way too tight and ugly.
 So you big curl it like this.
 Look how much higher I can fit into this.
 Pop it in backwards.
 Twist it, pull it down, down, down, down.
 Now, sometimes you can even like double twist.
 Then you just twist it, twist it, twist it
 all the way out.
 And then you get these big, nice curls.
 Grab a clip, we're just gonna do this, up and over.
 So obviously, these curls go backwards
 and away from your face.
 And then this side, we're gonna do towards your face.
 Then we go in, we curl towards, flip the hair over,
 twist and pull, pull, pull, pull, pull, pull, pull.
 All the way down.
 I just keep twisting at the end.
 On your right side, you do it into your face
 from your left side, away from your face.
 And then you get these big, thicker curls
 and it's just bloody great if I missed a hairball, yeah.
 And then you've, I just had a really good
 text on my friend.
 We wanna go backwards from the face.
 Wrap the hair back, twist it round, pull it down.
 And then you just slide, slide it,
 slide it all the way down.
 But sometimes I like double it.
 And then get nice and slow on the ends, see?
 Like that.
 These are a god send, £40.",7.52E+18,Calling all hair extension girlies 📣📣  shine therapy wide plate infused with Moroccan argan oil straightners  #fyp #fypage  @REMINGTON™ UK 🇬🇧  ,1749750090,FALSE,157,TRUE,1100000,29300,393,67,6.89E+18,paigethorne8,original sound,Paige Xo,FALSE,"fyp,fypage","Hair,Beauty & Care,Beauty & Style","paige love island,Remington Straighteners,Hair straighteners,hair extension,remington hair straightener,Remington,Extensions,Curling Hair With A Straightener,tools for hair,hair extensions human hair",FALSE,FALSE,,test,
173137,https://www.tiktokv.com/share/video/7514376674884979973/,done,"Good evening, Nors. This is Jodi. How can I support you today?
 So I wanted to use a little bit of button-all and smoking.
 This is Nors, or the National Overdose Response Service.
 I'm here with CBC Now, okay? You okay with going on speaker with me?
 Yeah, that's okay.
 Okay, awesome. Give me one second, okay?
 People call this anonymous hotline when they're about to use drugs like fentanyl.
 Okay, you go ahead, you get started. Enjoy.
 And operators like Jodi will listen for signs of an overdose.
 Okay.
 How's it hitting? Hitting good?
 Yeah.
 This is her first call tonight. She'll send DMS if she suspects something is wrong.
 I feel like it's a little bit stronger, so I thought I better call just to be sure.
 It's scary. It's scary because are they okay? Are they okay?
 That is why it's hard in the head sometimes.
 You know, I'm going to stay with you for at least 15 to 20 minutes.
 Make sure that you're good, okay?
 CBC News got exclusive access to NORS and some of their calls.
 I'm so glad that you called in tonight.
 It's not about stopping drug use, but keeping people alive. Here's another caller.
 You don't want to tell your family, but you also don't want to be alone.
 Yeah, for sure.
 Out of embarrassing.
 Most overdose deaths happen when someone uses a loan.
 Do you have any plans for this evening?
 And surprisingly, callers are not who you might think they are.
 Maybe some homework, like counselling and stuff for criminology.
 Oh, nice, nice.
 You've got like athletes, you have bankers, people from the military that are calling in.",7.51E+18,The goal isn't to stop people from using drugs. It's to help them stay alive. CBC’s The National got exclusive access to the National Overdose Response Service (NORS) to learn more about how the anonymous hotline works and the callers who use it. You can watch the full report now at cbcnews.ca or on CBC The National's YouTube channel. #news #canada #cbc,1749646800,TRUE,139,FALSE,2500000,275600,29800,3366,6.77E+18,cbcnews,original sound - CBC News,CBC News,FALSE,"news,canada,cbc","Social Issues,Society,Society",,TRUE,TRUE,,test,
386409,https://www.tiktokv.com/share/video/7480634090815786262/,done,"What's your dream job? What do you want to do when you grow up?
 Uh, I'm going to be a doctor.
 How much do you want to make?
 I'm gonna make people feel okay.",7.48E+18,🥹🤞🏾,1741720854,FALSE,12,FALSE,5300000,970400,16100,1424,7.12E+18,badyniaczkaa,sonido original,ChispaMotivation,FALSE,,"Lip-sync,Lip-sync,Performance","what's your dream job when you grow up,Psychologist,what is your dream job psychologist,child psychologist job,what is your dream job,i wanna be a teacher,i wanna be a therapist,jobs to do when older,what is your dream job doctor,what is a psychologist",FALSE,FALSE,,test,
434421,https://www.tiktokv.com/share/video/7462791624083410207/,done,"Hello. Hello. I think both of our heroes now best set. Say cheese for mom. Oh, I'm sorry.
 Oh, I'm being rejected. I'm being rejected. So some of the people who wanted to put arms
 around each other and like on the internet would be like, let's count shoulders. One,
 two, three, four. Or, hey matey, which side does the pirate land on? What is it? The parent
 land on? This side or this side? We got to teach you. We're going to teach you. We're
 going to be your wing women. Are you ready to meet some girls in Myrtle Beach?",7.46E+18,Spending time with Sara is always fun and educational! #autism #nonverbal #gabe #nonspeaking @Sara Fink  @nicolegottesmann ,1737566625,FALSE,66,TRUE,1300000,55700,1011,193,6.97E+18,nicolegottesmann1,original sound,nicolegottesmann,FALSE,"autism,nonverbal,gabe,nonspeaking,@nicolegottesmann","Family,Family,Family & Relationship",,TRUE,TRUE,,test,
580204,https://www.tiktokv.com/share/video/7524318589541731606/,done,[Music],7.52E+18,the people that work there must recognise me atp 💔 #waterstones #manga #waterstonesuk #nonchalant #deliciousindungeon #mobpsycho100 #chainsawman #anxiety #balls #anime #nerd #books #foryoupage #fyp #viral ,1751891948,FALSE,12,FALSE,85800,19000,1916,213,6.96E+18,silencedradio0,Kory Alexander Anxiety cover by Doechii,Kory Alexander,TRUE,"waterstones,manga,waterstonesuk,nonchalant,deliciousindungeon,mobpsycho100,chainsawman,anxiety,balls,anime,nerd,books,foryoupage,fyp,viral","Comics & Cartoon, Anime,Anime & Comics,Entertainment","delicious in dungeon,books to read,manga,waterstones,manga collection,blue lock manga,anime manga,Anime Book Store,nonchalant,Manga Shops In The UK",TRUE,FALSE,,test,
907998,https://www.tiktokv.com/share/video/7478045769195359510/,done,"So apparently there is a record number of Americans applying for UK citizenship
 ever since Donald Trump got re-elected and I think I speak for all British people when I say to the
 Americans ""do not come here, don't come here, I'm serious, you see this? You're not getting this.""
 And before any Americans point it out, I know my bottom row of teeth look like they could have
 played under Big Sam. Now when it comes to immigration, I'm a fairly open-minded person,
 when it comes to Americans, however, not really. Like don't get me wrong, some of you are right,
 but for the most part I kind of morph into reform UK MP when I'm around you.
 I'm like a small boats dude when it comes to Americans, but given the size of some of you,
 we're looking at more larger boats. And before anyone says it, this is not xenophobia, because
 first of all it's directed towards an American, the chances are you're telling the truth. Second
 of all one makes girlfriends American, so riddle me that one, how can I be racial? Also if Americans
 are leaving the United States because of Donald Trump, don't come to the UK, for starters this
 country is on the ropes. Second of all we are maybe four or five years away from having a
 government similar to the Americans, so by the time you get your citizenship, Nigel Farage and
 Reform UK are going to be calling the shots, and sure some of you may be able to stay, but I
 personally would not chance it. But if Americans do decide to come here, there's got to be some
 ground rules, like first of all you've got to leave the accents at home, like in the United States,
 don't be coming through Heathrow sounding the way that you do. Secondly don't mock our cuisine,
 I saw you all or y'all as you articulately say, giving it the biggin about beans on toast. I don't
 even like beans on toast, but that still rubbed me the wrong way. Thirdly as a token of goodwill,
 you are allowed to say Tuesday or bottle of water in that really irritating",7.48E+18,,1741118213,FALSE,99,TRUE,115200,16100,680,672,6.80E+18,thechampagne_socialist,original sound,The cham🅿️agne socialist,FALSE,,"Social Issues,Society,Society",,FALSE,FALSE,,test,
789819,https://www.tiktokv.com/share/video/7503896842640362783/,done,"♪♪♪
 ♪♪♪
 ♪♪♪",7.50E+18,Happy Mother’s Day….  #bug #rottenxmeat #memories #oc #trauma #vent #fyp #fy #ventart #rottenmeat #mothersday #happymother#mother#mom ,1747137180,FALSE,43,TRUE,297300,37000,469,277,7.34E+18,rottenxmeat,let me rot in your arms,Willix,FALSE,"bug,rottenxmeat,memories,oc,trauma,vent,fyp,fy,ventart,rottenmeat,mothersday,happymother,mother,mom","Comics & Cartoon, Anime,Anime & Comics,Entertainment","bug,Mother’s Day,vent art,Happy Mother's Day,HappyMother'sDay Effects,mother,mother trauma,Vent Drawings,mother's day content,mother's day post",TRUE,TRUE,,test,
525635,https://www.tiktokv.com/share/video/7382667945366850848/,done,"♪ Why would you care about me 'cause ♪
 ♪ It's not a lie, no, it's not a lie ♪",7.38E+18,#emetophobia #fypp ,1718911337,FALSE,6,FALSE,14200000,405900,15800,5239,6.79E+18,bellah.mae,Love Of My Life,Bellah Mae,TRUE,"emetophobia,fypp","Food Display,Food & Drink,Lifestyle","Emetophobia,fear of choking on food,fear of eating in front of people,kids being sick in car,fear of being sick in public,fear of choking,What is emetophobia,phobias,emetophobia struggles,foods i don't like",TRUE,TRUE,,test,
800674,https://www.tiktokv.com/share/video/7507389733475978527/,done,"Something that nobody will tell you, but I will, is that if before your period you cry easily, you get snappy, you get super angry, you just need to take magnesium.
 Just take some magnesium.",7.51E+18,Magnesium glycinate ,1747950392,FALSE,14,TRUE,1500000,187100,24000,695,7.51E+18,ana.finds4you,original sound,Ana finds,FALSE,,"Health & Wellness,Fitness & Health,Sport & Outdoor","magnesium glycinate foods,magnesium for anxiety,magnesium glycinate,magnesium glycinate philippines biobalance,nutralife magnesium glycinate,magnesium glycinate powder nutralife,best magnesium glycinate,when to take magnesium,foods that have magnesium,magnesium foods to eat",TRUE,FALSE,,test,
835754,https://www.tiktokv.com/share/video/7481028490138111254/,done,You keep on running around with other women in town I've had enough of these games,7.48E+18,the best walk you could get ,1741812684,FALSE,8,FALSE,4900000,627100,126500,1501,6.79E+18,lydsbutler,Running Around,Ely Oaks,TRUE,,"Comedy,Performance","walk for mental health,mental health walk,Mental Health,Walks,Going On A Walk,mental health activities,mental health matters,Walk With Friends,Come On A Walk With Me",TRUE,FALSE,,test,
570859,https://www.tiktokv.com/share/video/7380856961820134689/,done,"Whoa, whoa, whoa, whoa, whoa, whoa, whoa, whoa, whoa, whoa, whoa, whoa, whoa, whoa, whoa, whoa, whoa, whoa, whoa, whoa, whoa, whoa, whoa, whoa, whoa, whoa, whoa, whoa, whoa, whoa, whoa, whoa, whoa, whoa, whoa, whoa, whoa, whoa, whoa, whoa, whoa, whoa, whoa, whoa, whoa, whoa, whoa, whoa, whoa, whoa, whoa, whoa, whoa, whoa, whoa, whoa, whoa, whoa, whoa
 King in the castle, king in the castle
 Have a chair, I have a chair
 Go do this, go do this, King in the castle",7.38E+18,#catlover #catsoftiktok #cats #van #borat #me #capcut #animals #catsvideo  #CapCut #cats #kittens #kittensoftiktok #fyp #holiday #borat #strangerdanger #adhd #adhdtraits,1718489688,FALSE,18,TRUE,752400,106300,49000,311,7.01E+18,kayteemhuk,original sound,PrivateCitizenHQ,FALSE,"catlover,catsoftiktok,cats,van,borat,me,capcut,animals,catsvideo,CapCut,cats,kittens,kittensoftiktok,fyp,holiday,borat,strangerdanger,adhd,adhdtraits","Pets,Animals,Nature",,TRUE,FALSE,,test,
902070,https://www.tiktokv.com/share/video/7450601317405347102/,done,"Let's talk about being a chemo biohazard. This is kind of a facet of chemo and cancer that a lot
 of people aren't aware of. The thing about chemo is that it is biohazardous material and whenever
 you get chemo infusions, your body has to get rid of that somehow. So it comes out in your pee,
 it comes out in your saliva, it is coming out in pretty much any fluid or secretion that you're
 having. Since chemo is a biohazard, you also then become a walking biohazard. So when this happens,
 you aren't allowed to swap fluids with other people essentially. I couldn't share a bathroom
 with people. You should try to avoid even laying together because you're going to be secreting
 those fluids for a little bit afterwards. Oncologists, whenever you go through chemo,
 will often give you a set of guidelines of things like you should and shouldn't do. And oftentimes,
 being intimate, whether that's hugging, kissing, other devious acts, those are pretty much prohibited
 if you want to keep the other person safe. Which is crazy if you think about it because like,
 that's going into my body. If even my sweat or my saliva is hazardous to another person,
 oh my god, that's actually why I got this biohazard tattoo. I got this after my first
 time completing chemo. Didn't think there was ever going to be a second. Yet another distressing
 part of chemo. No hugging, no kissing, no sweating. Fornicating.",7.45E+18,Replying to @Noah<3🩷 heres your answer #chemo #sarcoma #shavedhead #amputee #cancer #cancersucks #synovialsarcoma #chemotherapy #cancerfighter ,1734728316,FALSE,93,TRUE,399300,25800,471,470,6.61E+18,semibionicbarbie,original sound,Bionic Barbie 🦾🪲⚔️,FALSE,"chemo,sarcoma,shavedhead,amputee,cancer,cancersucks,synovialsarcoma,chemotherapy,cancerfighter","Diary & VLOG,Daily Life,Lifestyle",,FALSE,FALSE,,test,
628588,https://www.tiktokv.com/share/video/7405648568729505070/,done,"I'm probably Japanese gel nails number one fan, because I literally refuse to get anything else.
 I got my nails done in Japan six weeks ago, and it's time for a new set.
 Specifically, my birthday set.
 It's time to choose the colors, always the most stressful part.
 But do you guys remember Hailey Bieber nails, like the glazed donut ones?
 Well, I wanted to go for something similar, but like with a little twist, you'll see at the end.
 Anyway, I'm in New York City, and we're going to my favorite nail salon, Peach Bling.
 I don't even need to tell you they're the best, because you'll see for yourself at the end.
 By the way, my natural nails are super bendy, and that's why I love Japanese gel,
 because it provides the structure that I desperately need.
 And of course, we're going in with the cuticle care.
 The cuticle work at this place is insane, guys.
 Like, they really, truly make sure those cuticles are prepped and primed and ready for the gel.
 Like, these sets will literally last you forever.
 Anyway, these are my nails all prepped and nice and clean, ready for the polish.
 Okay, now she's adding the builder gel, which is the base layer that the color's gonna sit on.
 And girl, I'm literally sunisa-ly up in here.
 Tina is making sure my hand is flipping and tumbling, to make sure that gel is P-E-R-F-E-C-T perfect.
 The attention to detail is immaculate.
 Like, the double-checking, ""Oh my god, she's literally perfect!""
 Like, look at that shape! Look at the curve!
 Amazing!
 Now it's time for the fun part.
 We're actually adding the color.
 So I decided to do a neutral base, and then we're gonna go in with the silver cat eye.
 Yes, girl!
 Look at that. It's literally Milky Universe.
 No, I'm literally calling it Milky Way Galaxy Nails.",7.41E+18,i need to move to nyc asap i love the vibes ALWAYS. the nail salon: @peachblingnails #japanesegel #manicure #gel,1724261933,FALSE,81,TRUE,2100000,252500,4556,231,6.72E+18,julia.huynh,"Cooking, bossa nova, adults, light(950693)",Kids Sound,FALSE,"japanesegel,manicure,gel","Nail Art,Beauty & Care,Beauty & Style","japanese gel nails,Glazed Donut Nails,Gel nails,Japanese Nails,Nails,Japanese Manicure,japanese hard gel,gel polish nails,Hard gel nails,got new nails",FALSE,FALSE,,test,
793305,https://www.tiktokv.com/share/video/7513621331552800030/,done,[Music],7.51E+18,"Never in my life did I think I’d be typing this. On my flight to Denver, I and every passenger on board experienced something no one should have to witness. A fellow traveler passed away mid-flight. There was nothing we could do. The cabin fell into a sacred, haunting silence. This video is not for shock it’s to hold space. For the person who lost their life. For the crew who stayed calm and respectful through something unimaginable.  For the family or loved ones who now live with an empty seat. And for every passenger who may still be carrying the weight of what we saw, heard, or felt. Grief and trauma don’t need permission. You don’t have to explain why you’re shaken. You are not weak. You are human. May we all find peace, in our own time, in our own well-being. Signed - mental health worker. #griefsupport #traumainformed #mentalhealth #airplanedeath #emotionalintelligence #unitedairlines #compassion #flighttrauma #1in13million @United Airlines #death ",1749401314,FALSE,12,FALSE,1300000,39000,333,515,7.20E+18,futurecain,Cruel Summer,Bananarama,TRUE,"griefsupport,traumainformed,mentalhealth,airplanedeath,emotionalintelligence,unitedairlines,compassion,flighttrauma,1in13million,death","Diary & VLOG,Daily Life,Lifestyle",,TRUE,TRUE,,test,
777166,https://www.tiktokv.com/share/video/7520675299101625618/,done,"I need to show you my new must-have as a mom that unwinds every night in the shower.
 Yes, my night shower is key to my mental health, but unfortunately it's winter and my skin dries out easily.
 That is why I love Native's new 24-hour moisturizing body wash. With just 12 ingredients,
 it leaves skin feeling hydrated and smells so good. These are just three of my favorites,
 I honestly have such a hard time choosing because they're all so amazing. But this peach and orange
 blossom smells like a vacation. So if you're a mom like me and you just want a way to unwind,
 I also want to care for your skin in the winter, check out all these amazing scents by Native.
 Okay fine, I'm gonna go shower again.",7.52E+18,Native 24-HR Moisturizing Body Wash provides 7x moisturization* versus Native regular body wash,1751043671,TRUE,28,FALSE,5400000,1350,59,3,6.98E+18,Native,Promoted Music,Native,FALSE,,"Beauty & Care,Beauty & Style",,FALSE,FALSE,,test,
512965,https://www.tiktokv.com/share/video/7460940264304119071/,done,"I've been feeling really down,
 but I totally understand why, and it makes total sense.
 It all started when, what is feeling down feel like?
 I don't really feel things, I just think about them.
 I've learned that you can literally always logic your way
 out of feeling like shit.
 Yes, yes, I have been called an over-thinker, uh-huh.
 Do I think that my overthinking protects me
 from feeling the emotional experience?
 I'm gonna have to lock that up.
 What the fuck do you mean sit with an emotion?
 I literally don't understand what that phrase means.
 When I was little and I would get upset,
 I would get sent to my room to think about it.
 I don't feel things in my body, I feel them in my head.
 I like talk therapy because we talk and we process,
 and then I leave and I feel like everything makes sense.
 I've connected the dots,
 but I really don't know how to feel anything.
 Yeah, no.
 Somatic, what?
 Right, well I have some reading up to do
 on experiential and somatic therapy.
 We'll listen to some podcasts on that.",7.46E+18,Intellectualizing can help us disconnect from embodying the full range of emotions. #ifs #therapy #traumatherapy #intellectualize ,1737135538,FALSE,80,TRUE,891000,116900,10900,927,7.14E+18,emilypowellauthenticself,Censor Beep Bleep (Version 3) [TV Television Censorship Bleep Out Censored] [Sound Effect],Finnolia Sound Effects,FALSE,"ifs,therapy,traumatherapy,intellectualize","Health & Wellness,Fitness & Health,Sport & Outdoor",,TRUE,TRUE,,test,
76333,https://www.tiktokv.com/share/video/7393028422118690080/,done,"What UK city has the most stressed out people? Well firstly, the city with the least stressed
 people is Derby. But what city or town in the UK is stressing people out the most?
 In 5th place and flying the flag for the most stressed out Scots, it's East Kilbride. Coming
 in at number 4, it's Burnley, but who can blame them having to watch Burnley Football Club every
 weekend is enough to stress anyone out. Making it into the top 3, it's Liverpool, which is a bit
 ironic considering how much the people of Liverpool are telling others to calm down. In at number 2,
 we are keeping with the northern theme, it's Blackburn. With higher than average levels of
 depression and high unemployment rates, Blackburn is a stressed place to live. Remember to follow
 me so you do not miss any future videos. And finally, at number 1, we are staying in the
 north of England, which isn't helping the stereotype of ""it's grim up north"". It's the city of Preston.",7.39E+18,Not surprised at number 1 😅 #geography #geopolitics #factsyoudidntknow #unitedkingdom #uk #cities #derby #preston ,1721323572,FALSE,60,TRUE,1600000,93100,15200,1115,7.32E+18,mapmystery,original sound,MapMystery,FALSE,"geography,geopolitics,factsyoudidntknow,unitedkingdom,uk,cities,derby,preston","Humanities,Education,Culture & Education & Technology","what uk city is the worst place to live,derby city in uk,Derby,Preston,preston city,Cities,preston lancashire,cities in uk,UK Towns And Cities,Derby City",TRUE,FALSE,,test,
523703,https://www.tiktokv.com/share/video/7414263191322086698/,done,"ready with me because I miss you. I feel like we're not as close anymore. I just want to talk to you.
 I might be getting a tattoo today. It's Friday the 13th so like Greek tattoos are $13 tattoos,
 you know? Gotta add to this super intrepid sick ass sleeve that I've got going on over here. I feel
 like the majority this year because I was traveling around so much doing long distance with my
 boyfriend and then moving in with my boyfriend. I haven't been doing my makeup as much but I finally
 set up my makeup office. I'm excited to reignite my passion for makeup a little bit especially with
 Halloween coming up. Oh I have so many Halloween looks planned. I do feel bad that I don't do get
 readies with me as much anymore but I used to be doing my makeup to go out like every other night
 so I always had a reason to make a get ready with me and now I don't know I'm in my healthy little
 era. Speaking of being a healthy girl, I just started therapy. I've always said I think every
 single person should be in therapy. Oh Mario just got home from the gym. That's another thing I've
 been doing to try to enter my healthy girl era is going to the gym. I just didn't go with him
 because I had to film a brand deal today. Hello! Hi! How was the gym? It was good. It was good. You
 did a hundred flights. Yeah. She's she's always looking like a bubblegum booty baddie so I'm at
 the gym trying to turn into a bubblegum booty baddie. Get rid of this. Beer belly. Boyfriend body.
 How have you guys been though? Is there anything I should know about any exciting updates in your
 life that you want?",7.41E+18,HI I’VE MISSED YOU ,1726267677,FALSE,127,TRUE,1300000,183000,288,2615,6.72E+18,brynnemarieeee,original sound,brynne,FALSE,,"Beauty,Beauty & Care,Beauty & Style",,TRUE,TRUE,,test,
482909,https://www.tiktokv.com/share/video/7493419597404589342/,done,"I love that phenomenon where you are talking to another neurodivergent person for the first
 time and you haven't quite grokked their flavor of brain yet and they haven't grokked
 yours and you're both using your acceptable friendly person, getting to know you script
 on each other.
 But of course those scripts have been calibrated mainly for use with like normal people.
 So you just end up being like two conversational Roombas bonking gently off one another like
 ""hello fellow human, hello fellow hello fellow human"" until you both at some point manage
 to adjust your programming and actually like communicate.
 It's like when I was a kid I had two Furbies and when you put them next to each other they
 just natter non-sensically past one another for a bit and then at some point one would
 abruptly recognize the other with its Furby sensor or WE and it would shout ""DANCE!"" and
 the other one would flap its ears and reply ""HEY DANCE!"" and then in perfect unison they
 would begin to rock back and forth while chanting ""Doot doot doot doot doot doot"" it's exactly
 like that.
 I love it.
 Crazy people are the best.
 We are super excellent.
 I love us.
 I love crazy PPL.
 I wrote this post in my head while having a major dissociative episode in the bathroom
 and it's the best and truest thing I've ever said.",7.49E+18,Two Conversational Roombas,1744736400,FALSE,68,FALSE,579200,80800,12500,256,7.40E+18,storyreads.01,original sound - Story Reads,Story Reads,FALSE,,,,TRUE,TRUE,,test,
701573,https://www.tiktokv.com/share/video/7426101260404690208/,done,"I do not understand how schools get away with this.
 I run an alternative provision for children
 that are at risk of permanent exclusion
 or don't attend due to anxiety, mental health
 or special educational needs.
 Now, an increasing amount of referrals are coming into us
 from students that haven't been permanently excluded
 but they're not allowed into school.
 What this means is that they are still on roll
 with the school but they're not accessing a full-time
 education now.
 I do a little caveat here.
 Some schools do this because they don't want
 to permanently exclude the children
 and they're actually working in partnership
 with the child and their family.
 The part though that boils my blood is
 when a school does this, they're saying,
 nope, we're not permanently excluding you
 but you can't come back on site
 and then they don't put in any form of alternative provision
 or access to full-time education.
 If a child is not allowed to go back into school
 and you're not permanently excluding them,
 you've got to provide them with 25 hours minimum
 of education.
 A lot of the schools we work with, they are doing this
 because that's when we get the referral in
 but I'm just hearing of so many children at the moment
 that can't access education at their school
 and then they're not accessing anything
 because the local authority and their school
 are not putting in place.",7.43E+18,"Blows my mind how so many schools are getting away with this 🤯  An increasing number of children are not being allowed into their school, not being provided with alternative provision or a full time education and not being permanently excluded. This causes even more damage to an already vulnerable child as they are kept in limbo  #brokeneducationsystem #schoolsystem #teachersoftiktok #senmum #specialeducationalneeds ",1729023945,FALSE,96,TRUE,493000,14900,1427,954,7.06E+18,educatewithveena,original sound,Veena | Alternative Education,FALSE,"brokeneducationsystem,schoolsystem,teachersoftiktok,senmum,specialeducationalneeds","Social Issues,Society,Society","meeting after suspension in secondary school,adhd kids not supported in school,school learning manager,school going on my facebook,why is school bad for you,what is classed as sen,alternative provision by ackerman pierce uk,pastoral support school day in the life,sen and secondary school,School System",TRUE,TRUE,,test,
402355,https://www.tiktokv.com/share/video/7459519426375863570/,done,"(soft music)
 With Better Health, the biggest benefit of therapy
 is that it's about finding your authentic self.
 In a world where everyone is telling us who we should be
 and what we should want,
 it's the one place where you get to decide that for yourself.
 On Better Health, my role as a therapist
 is to meet clients where they are right now.
 Therapy is for anybody who wants to learn more
 about themselves or reach a goal or grow
 in what they already have.
 (soft music)",7.46E+18,Make time for yourself in therapy.,1736804710,TRUE,30,FALSE,1700000,724,44,0,6.78E+18,BetterHelp,Promoted Music,BetterHelp,FALSE,,,,TRUE,TRUE,,test,
925573,https://www.tiktokv.com/share/video/7434915438447889697/,done,What is that one song that will get you into a drinking mood so fast?,7.43E+18,"The Teams ringtone is going to give us PTSD, I swear ",1731076157,FALSE,7,TRUE,4900000,398000,180600,1438,6.83E+18,shehzad_alikhan,original sound,Shehzad Alikhan 🇵🇰🇦🇺,FALSE,,"Comedy,Performance","teams ringtone,teams remix ringtone,what is that one song,Ringtone",FALSE,FALSE,,test,
525135,https://www.tiktokv.com/share/video/7393431486973922606/,done,"let's talk about the time where my daughter was still born in the hospital being born and i yelled
 at the bereavement specialist that was on duty that day. honestly it was probably the first time
 i've ever like actually yelled at another human being but i feel like it was deserved. someone came
 in and we were told by the doctors and stuff that she has like an idea of things that she wants to do
 to help us honor our baby which we were like alright that's great like we don't know what we're doing
 you know we have no idea what we're doing so my daughter was born at 315 in the morning we were
 told that this woman would get here at like 8 39 and asked like do you think my husband i can go
 home change and like shower i had my contacts like literally stuck to my eyes and like i'd get my
 glasses on like we were rushed to the hospital my family was still there and we didn't bring
 hospital back or anything and it was a very traumatic day and we didn't sleep and i just
 wanted to like put like clean clothes on anyways though they kept being like no no she'll be here
 soon she'll be here like six like then you can talk to her and then you could probably go home
 and come back and we're like okay fine it's great this woman comes in let's call her jenny and she
 was from the get-go not a very very kind person like you know i kind of wanted like a hug you
 know what i mean like we are in a such a dark and deep and just like really overwhelming state of
 mind and this woman was just like in there immediately picked up my baby and just started
 doing stuff with her like she was a doll like she was literally some puppet for her show i kind of
 just like let it go and i was like whatever but it put me like on edge a little bit and i was like
 you know what i guess she knows what she's doing and i don't know you know",7.39E+18,jinny and i arent friends.. #bereavedmother #bereavement #stillborn #storytime ,1721417419,FALSE,173,TRUE,3100000,283700,1046,3181,7.01E+18,thatvegancowgirl,original sound,TIFF | Bella & Zoey’s mom,FALSE,"bereavedmother,bereavement,stillborn,storytime","Family,Family,Family & Relationship",,TRUE,TRUE,,test,
94666,https://www.tiktokv.com/share/video/7478988495554432274/,done,(upbeat music),7.48E+18,the ocean heals… #calm #ocean #oceantherapy #god #fyp #sunset ,1741337713,TRUE,8,TRUE,26700000,2100000,53500,1509,6.76E+18,shakina.a1,original sound,davi,FALSE,"calm,ocean,oceantherapy,god,fyp,sunset","Random Shoot,Others","sunsets,christ the redeemer sunset,pastel sunset in the ocean pics,sometimes this is all i need,ocean,ocean therapy,Calm Ocean,Ocean Videos,Ocean Sunset,Sunset Ocean Videos",FALSE,FALSE,,test,
542983,https://www.tiktokv.com/share/video/7366711238677564704/,done,(upbeat music),7.37E+18,On the spectrum hun ✌🏼 #adhd #asd #adhdawareness #neurodivergentcommunity #fyp #capcut @nepia_tm 🙏🏼,1715196128,FALSE,20,TRUE,2200000,153100,134400,2490,6.95E+18,itsahaslamthing,original sound,Hannah Taylor,FALSE,"adhd,asd,adhdawareness,neurodivergentcommunity,fyp,capcut","Comedy,Performance",,TRUE,TRUE,,test,
289795,https://www.tiktokv.com/share/video/7360877527449029894/,done,"Let's go.
 Okay, so press this.",7.36E+18,Bro is being extra extra cautious 😭 (@PRINCESS) #kid #kidsoftiktok #cute #wholesome #funny #comedy #hoest ,1713837856,FALSE,9,TRUE,18700000,3100000,312200,6046,6.53E+18,hoest,original sound,Hoest,FALSE,"kid,kidsoftiktok,cute,wholesome,funny,comedy,hoest","Babies,Family,Family & Relationship","walking into glass door,kids bumping into glass walls,glass door ptsd,glass door fails,glass door,bumping into glass walls,Kids,kidstiktok,Kids of TikTok,Cute Little Kids",TRUE,FALSE,,test,
865129,https://www.tiktokv.com/share/video/7478106252510317855/,done,"(upbeat guitar music)
 (upbeat guitar music)
 [BLANK_AUDIO]",7.48E+18,should all games have this? #gaming #monsterhunter #monsterhunterwilds #blackops6 #gaming #gametok #gamingontiktok ,1741132331,FALSE,62,FALSE,1000000,46300,3774,1205,7.19E+18,teriyakibluez,Wii - Mii Channel,Super Guitar Bros,FALSE,"gaming,monsterhunter,monsterhunterwilds,blackops6,gaming,gametok,gamingontiktok","Video Games,Games,Entertainment","west of loathing arachnophobia,monster hunter wilds without arachnophobia,arachnophobia mode evil west,evil west,monster hunter wilds arachnophobia mode,spiders in games,elden ring vs monster hunter,arachnophobia mode monster hunter,spider monster hunter,arachnophobia",FALSE,FALSE,,test,
652463,https://www.tiktokv.com/share/video/7483315314843995447/,done,"Ooh. Wait! Wait!
 Wait! Wait! Wait!
 Wait!",7.48E+18,😭,1742345130,FALSE,10,FALSE,1200000,261800,25000,883,6.76E+16,yoserluigie25,hello why is my audio trending,johnporkfan777,FALSE,,,"random pain in shoulder,how it feels to be hit with a random wave of anxiety,anxiety out of nowhere,what is anxiety look like,how anxiety attack can look like,wave of anxiety,signs of anxiety,anxiety attack when talking to people,what is anxiety like,how anxiety looks like",TRUE,TRUE,,test,
897290,https://www.tiktokv.com/share/video/7482817201481829654/,done,[MUSIC],7.48E+18,Pls understand the reference 😭 @Alex Warren @Alex Warren @alexwarrenism #concert #cheaperthantherapy #alexwarren #tour #cologne #viral #interaction #omg #funny #fyp #foryoupage  ,1742229151,FALSE,11,TRUE,754200,109100,300,70,2.78E+17,yourfavjulzzz,original sound,Julzzz⭐️,FALSE,"concert,cheaperthantherapy,alexwarren,tour,cologne,viral,interaction,omg,funny,fyp,foryoupage","Celebrity Clips & Variety Show,Entertainment Culture,Entertainment","security guard at concert alex warren,alex warren concert selling dublin,alex warren manchester,alex warren concert australia,alex warren being carried,alex warren security guy,alex warren,alex warren concert,security guard concert,security guard",FALSE,FALSE,,test,
470095,https://www.tiktokv.com/share/video/7498389114631458094/,done,(upbeat music),7.50E+18,"Imagine being sedated, waking up and seeing therapy horses ",1745854819,FALSE,5,TRUE,1300000,220400,23800,1157,6.62E+18,laurennsmith20,WTHELLY,Rob49,TRUE,,"Farm Animals,Animals,Nature",,FALSE,FALSE,,test,
21433,https://www.tiktokv.com/share/video/7478336283836828934/,done,"♪ Somebody's watching me, it's my anxiety ♪
 (upbeat music)",7.48E+18,Update: many people pn the comments are mentioning this potato peeler is not toddler safe (even tho the products says it is) i suggest using the safety gloves that also come in the box #toddlercooking #kidscancook #toddlersoftiktok #toddlermom #kidscooking #toddleractivities ,1741185857,FALSE,10,TRUE,5000000,484500,14400,2834,6.63E+18,mariaurangaa,original sound,⚢,TRUE,"toddlercooking,kidscancook,toddlersoftiktok,toddlermom,kidscooking,toddleractivities","Family,Family,Family & Relationship","montessori toys for 6 year,montessori parenting,montessori kid cooking,toddlers cooking,toy play set,montessori toys uk,montessori toys kitchen,toys for 2 year olds,montessori school,ipad kid",FALSE,FALSE,,test,
413082,https://www.tiktokv.com/share/video/7416317730019675425/,done,"Here's everything I stole from the Big Weather House.
 I can't believe it's coming out to a year
 since I entered those doors.
 No, I'm not a kleptomaniac,
 but I thought it'd be nice to sort of manage
 to bring a couple of mementos from the house,
 just for the history books,
 something that I can show the kids when I'm older.
 Two, firstly, a mug.
 I thought this was a great memento.
 I wonder how often I drank from this exact mug
 in the house.
 I only took one.
 I know many housemates have got lots of these.
 So the name badge, this was on night one.
 Thank God for the name badges.
 On launch night, I was panicking.
 I was like, what if I don't remember everyone's names?
 Next up, this is so silly.
 It's just a laminated picture of me.
 But this was the first time we got to see
 any of our promo pictures.
 When you were inside, that was so exciting.
 We were like, oh my God, how do we all look?
 That's the signature Henry arm situation.
 I'm not sure.
 I just ended up doing that quite a lot.
 The rose, Jordan gave me this fake rose.
 Oh gosh, Lisa's going.
 I don't live in Detroit, by the way.
 I live in Chelsea.
 Very sweet, but that was in our platonic days.
 The photo I got to take into the house,
 which was a photo of a bowl of pasta.
 They actually cut out in the edit me talking about this,
 but I think there is somewhere online exists
 when I explain why I bought in a photo of pasta.
 I will try and find that video and share it.
 Camping task I managed to take one of these",7.42E+18,Please don’t press charges @Big Brother UK 👀 x ,1726746036,FALSE,140,TRUE,421900,31900,548,138,9.28E+16,henrysouthan,original sound,Henry Southan,FALSE,,"Diary & VLOG,Daily Life,Lifestyle",,FALSE,FALSE,,test,
579110,https://www.tiktokv.com/share/video/7521540232274021645/,done,"If compliments make you cringe, and attention makes you shrink, and you feel more comfortable
 when you feel invisible, this might explain why.
 The fear of being seen, like really seen, is more than just being private or introverted.
 It's usually a trauma response, and this may have happened because being seen has come
 with consequences.
 So maybe at some point, when you expressed emotions, you were told that you were being
 dramatic or too sensitive.
 Maybe when you had needs, you were called selfish or needy.
 Maybe whenever you were happy or excited, there was someone right there to knock you
 down every time just to feel in control.
 So you learn if I stay small, quiet, and agreeable, maybe I'll be safe.
 If I don't take up too much space, maybe I'll be loved.
 And now, even when you are around typically safe people, your nervous system still screams
 at you, feeling like being seen or being known, like really known, means danger.
 You don't have to hide to be safe anymore.
 You're allowed to take up space and you're allowed to do it slowly, gently, and in ways
 that feel doable for you.
 So what does this look like?
 Practice saying out loud how you really feel.
 If you have one safe person who you can do this with, great.
 Do it in the mirror.
 Do it in your journal.
 Do you have a dog?
 Do you have a cat?
 Talk to your pets.
 your pets how you're really feeling and I promise you they'll still be there. Let yourself take up",7.52E+18,"The fear of being seen is a trauma response. It’s not about being shy. It’s about safety. When visibility used to come with shame, criticism, or punishment, hiding starts to feel like protection. Healing means gently learning that you don’t have to shrink to be safe anymore. 👉 If you’re in Florida and curious about trauma therapy, head to 🔗 on my page to schedule a free consultation call  *Content shared here is for educational, entertainment, and marketing purposes only. It is not therapy, nor a substitute for therapy or individualized care. Every person’s experience is unique — content may not apply to your specific situation and should not be used as a replacement for professional support. There is always nuance when it comes to healing and mental health. #traumaresponse #cptsdrecovery #nervoussystemhealing #innerchildhealing #emdrtherapy #peoplepleasingrecovery #attachmenttrauma #boundariesarehard #traumainformedtherapy #anxiousattachment #adultchildhoodtrauma #emdrflorida #therapistsoftiktok",1751245082,FALSE,129,TRUE,1300000,168700,9649,728,6.80E+18,embodiedfreedom,original sound,"Isobel, LCSW",FALSE,"traumaresponse,cptsdrecovery,nervoussystemhealing,innerchildhealing,emdrtherapy,peoplepleasingrecovery,attachmenttrauma,boundariesarehard,traumainformedtherapy,anxiousattachment,adultchildhoodtrauma,emdrflorida,therapistsoftiktok","Health & Wellness,Fitness & Health,Sport & Outdoor","saying yes to people trauma,what is a trauma response,The Fear,fear of being seen bpd,fear of being seen,fear women,fear and anxiety,fear of being perceived,trauma,therapytok",TRUE,TRUE,,test,
471162,https://www.tiktokv.com/share/video/7503237192156761366/,done,"♪ I'll love them endlessly ♪
 ♪ I won't let these little things slip ♪
 ♪ Out of my mouth ♪
 ♪ But if I do, it's you ♪
 ♪ Oh, it's you that they add up to ♪
 ♪ I'm in love with you ♪
 ♪ And all these little things ♪
 ♪ You can't go to bed without a cup of tea ♪
 ♪ Maybe that's the reason that you talk in your sleep ♪
 ♪ And all those conversations are the secrets that I keep ♪
 ♪ Though it makes no sense to me ♪
 ♪ I know you never loved the sound of your voice on tape ♪
 ♪ You never want to know how much you ate ♪
 ♪ You still have to squeeze into your ♪",7.50E+18,"We planned our wedding day around Sofia's needs as a teen with autism and special needs. From her dress material to a calm hairstyle, to a sensory toy bag. How Sofia would be on our day was my biggest worry but she was honestly incredible and I could be more proud of her 🤍                              Thankyou again @BTS | Luxury Wedding Content for capturing all these beautiful videos 🤍.  #AutismAcceptance #InclusiveWedding #SofiaStrong #SensoryFriendly #SpecialNeedsParent #NeurodivergentLove #WeddingWithHeart #weddingday #weddingdress #weddingflowers #autismawareness #senmum #senmumlife #fyp ",1746983549,FALSE,59,FALSE,2800000,234100,2394,1645,6.92E+18,jodiebevan08,Little Things,One Direction,TRUE,"autismacceptance,inclusivewedding,sofiastrong,sensoryfriendly,specialneedsparent,neurodivergentlove,weddingwithheart,weddingday,weddingdress,weddingflowers,autismawareness,senmum,senmumlife,fyp","Romance,Relationship,Family & Relationship","Autistic Wedding,Wedding,Wedding Day,weddingtiktok,Autism Awareness,Wedding dress,Weddings Of TikTok,floral wedding dress,Floral Wedding,autistic kid",TRUE,TRUE,,test,
741270,https://www.tiktokv.com/share/video/7478428350441065759/,done,"(laughing)
 - Kayla, shut the fuck up.
 (laughing)
 - You can't color, you can't color, and be loud.
 Why is your face so fucking shiny?
 I can see the TV off your face.
 (laughing)
 What's on the, what's on TV right now?
 Let me zoom in, see.
 - I didn't, I didn't dream it, I didn't dream it.
 - Shh, yes, we know you're a dreamer.
 (laughing)
 - Is this part of your therapy color?
 - Yeah, yeah, yeah, they don't let us use pencils
 'cause they're too sharp.
 - Shh, right, right.
 - So stupid, what the fuck is that?
 (laughing)
 - You've got like a fucking, yo,
 if this is not the most backwards,
 if you're a pro woman,
 (laughing)
 yeah, it hurt my soul too,
 when I saw you as a woman coloring a washing machine.
 (laughing)
 We're supposed to be supportive of women around here.
 What kind of backwards shit are you trying to color over here?
 - Is this a washing machine?
 The next one's the kitchen.
 (laughing)
 - Yeah, yeah, this coloring book put women back 40 years.
 Fuck you, you dress really, well, look, a cozy frog.
 (laughing)",7.48E+18,We’re still dying over this 🤣🤣 #pregnant #pregnancy #duedate #40weekspregnant ,1741207326,FALSE,103,TRUE,795600,167800,6480,649,6.91E+18,caitlin_benson,original sound,Caitlin Benson,FALSE,"pregnant,pregnancy,duedate,40weekspregnant","Family,Family,Family & Relationship",,FALSE,FALSE,,test,
792994,https://www.tiktokv.com/share/video/7513483772369702190/,done,"- Oh my gosh, what's that?
 - Oh, what is that?
 - Joelle, what is that?
 - Orange chicken.
 (laughing)
 Y'all ain't had no chicken this orange, honey.
 I know that for sure.
 - Wait a minute, I can't, I'm scared.
 - My phobia is cutting lettuce.
 (screaming)
 I hate lettuce.
 Pilling it back.
 If I see the center little ball,
 I freak out.
 - Ew.
 - What?
 - What is it about lettuce?
 Lettuce just chilling.
 - Steve is trying to cut butter with a grater.
 - I mean, actually, that hurts.
 I gotta stop touching the pot.
 - We need to whisk the grits in slowly
 so they don't clump.
 I think it's called rimming.
 Rimming, I don't know.
 Not rimming.
 - Today's plate comes with a special gift.
 - Oh my God.
 (buzzing)
 (clearing throat)
 That's the sound of my hopes and dreams disappearing.",7.51E+18,worst cooks in america edition 😭 which clip is your fav? 😭😭😭,1749369350,FALSE,66,TRUE,1600000,169800,11300,259,7698850,dylangg,original sound,Dylan G.,FALSE,,"Celebrity Clips & Variety Show,Entertainment Culture,Entertainment","the worst cooks in america,anne burrell chef,the worst cooks in america its homemade,Orange chicken,Cooks,worst cooks show,Worst Cooks In America Tv Show,orange chicken food,Lettuce,Cooking Show",FALSE,FALSE,,test,
261896,https://www.tiktokv.com/share/video/7457685890945649950/,done,"We're trying to cut the apples, and it's not working, it's pissin' me off.
 This apple here.
 What the fuck!
 Oh my god!
 There's nothing on this table!
 Oh yeah, he's done useful.",7.46E+18,Even moonknight was lost💀 #marvelrivals #fyp #virlavideo #viral #schizophrenic #wolverine #moonknight ,1736377822,FALSE,29,TRUE,4300000,768300,93600,1800,7.38E+18,shadowsreign0,original sound,Shadowsreign,FALSE,"marvelrivals,fyp,virlavideo,viral,schizophrenic,wolverine,moonknight","Video Games,Games,Entertainment","you're pushing nobody,schizophrenic in games,moon knight rivals,moon knight schizophrenic,youre in the spawn room marvel rivals,moon knight,youre in the spawn room for me,Schizophrenic,MARVEL RIVALS,wolverine marvel rivals",TRUE,FALSE,,test,
347818,https://www.tiktokv.com/share/video/7444176965730307370/,done,"Hi welcome in. Today is Annie Appreciation Day. Oh my goodness. I want to just take a second to
 appreciate you. Okay. 83% of Gen Z are craving more appreciation. From a Canva 2024 study,
 to me, you really are a CEO. Chief everything officer. This is because you do everything for
 me. You are my therapist. We've discussed this. You should seek professional help. I'm not a
 therapist. I don't want to do that. You're my workout buddy, writer, agent, sales guru.
 I see a lot of myself in you. Do you see a lot of yourself in me? Um, I threw together this little
 pie chart of everything that you do in the yellow and then this tiny red sliver of everything that
 I do. Would you agree with these numbers? You do more than just 1%, maybe like two to three?
 Less than I was expecting. Moving on. Does this look familiar at all to you?
 These are things you've sent me. I combed through all of our text messages since 2022 when you joined.
 How long did that take you? Weeks. Should we write a book? Still think we should do that.
 Should we launch a workwear line? Me on the other hand. I'm tired. Ugh. Do you remember that? Yeah.
 You care. That's what I appreciate about you. Thank you, Annie. And I guess I love you.
 A little too far there. I have deep feelings of love for you. Give me a hug.
 Okay. I'm gonna go report this to HR. Yeah, I need your help.",7.44E+18,"Do you ever surprise your employee with a day to celebrate them? WELL I DID! @Canva published a study about the power of workplace appreciation, so I had to jump in and appreciate my favorite (and only) employee, Annie #coworkers #workbestie #comedy #CanvaPartner #DesignedWithCanva",1733232524,TRUE,89,TRUE,8100000,60200,1124,155,6.83E+18,corporatenatalie,original sound,CorporateNatalie,FALSE,"coworkers,workbestie,comedy,canvapartner,designedwithcanva","Scripted Comedy,Comedy,Performance",,TRUE,FALSE,,test,
137585,https://www.tiktokv.com/share/video/7471780324301606166/,done,"♪ At least I gotta try ♪
 ♪ Look for the reason my eyes are bursting ♪
 ♪ If our love died, would that be the worst thing ♪
 ♪ For somebody I thought was my savior ♪
 ♪ You sure make me do a whole lot of labor ♪
 ♪ You have the skin on my hands ♪
 ♪ It's cracking if our love ends ♪
 ♪ Would that be a bad thing ♪
 ♪ And the silence once of a chamber ♪
 ♪ You make me do too much labor ♪
 ♪ All day, every day ♪
 ♪ A therapist, mother, maid, nip, then a virgin ♪
 ♪ Nurse, then a servant, just an appendage ♪
 ♪ Lift to a tendon so that he never lifts ♪
 ♪ A finger, 24/7, baby, machine ♪
 ♪ So he can live out his picket fence dreams ♪
 ♪ It's not an act of love ♪",7.47E+18,running for their lives. #jenniferlopez #jlo #actress #acting #movie #enough #fyp #parati #xyzcba #xyzabc @JLO ,1739659426,FALSE,45,FALSE,11400000,2300000,15600,3346,7.44E+18,warmfallgirl,original sound,jane,FALSE,"jenniferlopez,jlo,actress,acting,movie,enough,fyp,parati,xyzcba,xyzabc","Movies & TV works,Entertainment Culture,Entertainment","enough movie,enough,run like a girl trend,enough jlo running scene,jlo enough movie,woman running for her movielife,enough running away scene,run like girl,Enough movie ending,enough jennifer lopez",FALSE,FALSE,,test,
52500,https://www.tiktokv.com/share/video/7520223364519054614/,done,"Are there gods here?
 Drop!
 Are there gods or gods?
 Drop heads!
 He just killed that boy.
 He just killed him.
 Drop heads!
 Are there gods here?
 Drop!
 Are there gods or gods?
 Drop heads!
 Drop heads!
 Drop heads!
 Drop heads!
 Drop it now!
 He's done.
 Stop!
 Please stop!
 Please stop!
 Stop!
 Go now!
 Yeah, totally tight for the governor.
 Quick!",7.52E+18,"Marcus Arduini-Monzo was found guilty of murdering 14-year-old Daniel Anjorin with a samurai sword while in a state of cannabis-induced psychosis in Hainault, north-east London, last year.  #Hainault #London #Crime #MarcusMonzo #CrimeTok #News #BBCNews",1750938450,FALSE,50,FALSE,16000000,816000,71900,22100,6.95E+18,bbcnews,original sound - BBC News,BBC News,FALSE,"hainault,london,crime,marcusmonzo,crimetok,news,bbcnews","Social News,Society,Society","marcus arduini sword,daniel anjurin,marcus arduin monzo,marcus aurelio arduini monzo sword,marcus arduni,marcus monzo footage,bbcnews,psychosis,marcus aurelio arduini monzo,hainault",TRUE,FALSE,,test,
609566,https://www.tiktokv.com/share/video/7508762065847340318/,done,"What I would love to impart to young Nick
 was that he was right to be anxious,
 and that he was inadequate.
 Look how beautiful you look in that picture.
 My biggest anxiety and joy was jerking off in the end results.
 This is when we both had abs.
 We would do a lip sync to this song, ""Don't Stop Me Now.""
 It was a lip sync competition
 that everyone in the camp would do, each bunk would do,
 and the winner got to perform
 for the parents at Visiting Day.
 And we clearly won, and then they were like,
 ""You cannot perform this in front of the parents
 ""on Visiting Day.""
 - It was too risque, R.R.
 - It did provide us with an early interest
 in Queen and Freddie Mercury,
 ♪ Joinin' the fun, say hello to tight buns ♪
 which then led us to use a Freddie Mercury impersonator
 in ""Totally Gay"" on Big Mouth.
 - That is at Cooperstown, New York.
 We got in a fistfight in the back seat of my parents' car,
 arguing about the lyrics to the Flintstones theme song.
 - Yeah, but it's like the only fight we really ever got in,
 but that's, I think, Babe Ruth behind us.
 - A very flattering-- - A very flattering
 version of Babe Ruth.
 - Babe Ruth wishes he looked like him.
 This is when Nick's bigger than me.
 - Yeah, this is like in season eight of Big Mouth,
 like Nick hits a growth spurt,
 and at this point I just like leapfrogged you in height.
 - That's me and Nick at Nick's prom.
 - Yeah, that's my senior prom.
 - You look like the kid from ""Days We Get Fused.""
 - Yeah, totally.
 I think he was having more fun than I was.
 - Oh, look at those guys.
 - Andrew's bar mitzvah.
 - That's when I was taller.
 - Yep, and we were very into floral ties.
 - Oh, look at those ties, so silky.
 We were little pimps.",7.51E+18,#BigMouth's Nick Kroll and Andrew Goldberg talk about their teen years that inspired the series they created. The final season is now playing on Netflix,1748278800,FALSE,82,FALSE,1600000,287500,13300,515,6.92E+18,netflixisajoke,original sound - Netflix Is A Joke,Netflix Is A Joke,FALSE,bigmouth,"Movies & TV works,Entertainment Culture,Entertainment","andrew goldberg,nick kroll,Big mouth,andrew big mouth,nick big mouth,nick kroll and andrew goldberg young,jay big mouth,big mouth real life,nick kroll and andrew goldberg real life,jeremy kroll",TRUE,FALSE,,test,
972240,https://www.tiktokv.com/share/video/7433027443776163104/,done,"am i in the wrong for laying down this boundary? the way that my previous housemates reacted really
 makes me feel like i did something wrong. here's my moving out vlog and a story time. so i accumulate
 so much stuff and it's so hard moving it out by yourself. anyway back to the story, i moved into
 an existing house share. there was six of us and the youngest one there was 29 turning 30 in february.
 i'm only 22, please keep this in mind. i quickly realized when i moved in that it was okay for
 them to do things and say things to me but i couldn't say it back. and when i finally did
 decide to lay down a boundary it led to the worst reaction ever. so i came home from work one day
 and somebody had used all my pots and pans from my personal cupboard and left them disgusting and
 dirty all over the side. i asked them to come downstairs and clean it up because i'm not
 cleaning up after a 30 year old, you know what i mean? and i actually couldn't cook my dinner
 because they left it that dirty. this then led to me being completely isolated and one of them very
 aggressively told me to move out and questioned why i lived there. when i would come back to the
 house after spending a weekend at home they would slag me off so loudly saying that my anxiety was
 fake, that i was an absolute nightmare, that i didn't know how to communicate and that i was
 unbearable. this hostile environment has led me to move out but yeah i just i don't know if it
 if it weren't that sort of response from them.",7.43E+18,There is so much more to this story!! And the letting agency shared two people have moved out for the same reasons i have💀 #horrorhousemates #housemates #houseshare #dontdoit  #housematestories #houseshareproblems #gradlife #moveinday #moveinwithme #movetouniwithme #movecities #leeds #graddiaries #graduate #graduate2024 #gradlife #psychology #psychologystudent #psychdegree #assistantpsychologist #psychologist ,1730636574,FALSE,76,TRUE,19200,421,19,14,6.73E+18,tillypear_,Diet Pepsi,Addison Rae,TRUE,"horrorhousemates,housemates,houseshare,dontdoit,housematestories,houseshareproblems,gradlife,moveinday,moveinwithme,movetouniwithme,movecities,leeds,graddiaries,graduate,graduate2024,gradlife,psychology,psychologystudent,psychdegree,assistantpsychologist,psychologist","Diary & VLOG,Daily Life,Lifestyle",,TRUE,TRUE,,test,
24464,https://www.tiktokv.com/share/video/7490671424189861138/,done,"This is from the university you applied for.
 Yeah, open it.
 Your brother was devastated when he didn't get in.
 I imagine how he'd feel if you were to now be accepted.
 You don't always have to one-up him, you know.
 Think I've had someone else for a change.
 Thanks, Gons, everyone.
 What are you doing?
 You know your brother's trying to lose weight.
 Selfish, selfish girl.
 The police have picked up your brother again.
 I told you they've got it out for him.
 It's just like that adolescent show.
 You know they target and pick on these poor young boys.
 But they can't help it.
 It's the ADHD.
 Oh, look what I found.
 Our old family album.
 Oh, so many cute photos of your brother.
 And me, right?
 No, God, no, no.
 You're an ugly-looking baby.
 No one would want to remember that.
 I certainly wouldn't.
 Truly awful.",7.49E+18,she’s just being mean now #momlife #boymom #mommasboy #relatable #boomer #favoritechild #foryou ,1744057864,FALSE,50,TRUE,2700000,352700,4954,803,6.75E+18,tillyoddyblack,original sound,Tilly Oddy-Black,FALSE,"momlife,boymom,mommasboy,relatable,boomer,favoritechild,foryou","Scripted Comedy,Comedy,Performance","mum comenting on what you eat,boomer mum whose son can do no wrong,Boy moms,mum whose son can do no wrong,boomer,Mums,mom and son,mom tiktoks,mothers and sons,mums and their sons",TRUE,FALSE,,test,
777842,https://www.tiktokv.com/share/video/7408179719184665898/,done,"I did it, I did it, I did it, I was terrified.
 I was so scared.
 This one, I was nervous throughout the whole entire time.
 Then I was just for my eye, Angel.
 Just keep this one more eye.
 No, it's not painful at all.
 It isn't painful.
 I was more nervous and built up my own anxiety.
 I'm not one of those people that likes to be up
 when getting any type of surgical procedures done,
 but it was fast, actually, really quickly.
 I love the color.
 (upbeat music)
 (upbeat music)",7.41E+18,"#pressplay▶️: #supermodel & #lhhatl reality star, #JessicaWhite, underwent #eyecolorchange surgery.",1724851261,FALSE,38,TRUE,900900,4641,83,49,7.35E+18,pressplaymediacompany,original sound,Press Play Media Company,FALSE,"pressplay▶️,supermodel,lhhatl,jessicawhite,eyecolorchange","Celebrity Clips & Variety Show,Entertainment Culture,Entertainment",,TRUE,FALSE,,test,
384124,https://www.tiktokv.com/share/video/7484803794371415304/,done,"♪ Somebody's watchin' me, it's my anxiety ♪
 (sings in foreign language)",7.48E+18,"Replying to @Natalie ok guys, here are the results, how did she truly do? #afrohair #japanlife🇯🇵 #tokyotourguide ",1742691691,FALSE,16,FALSE,1500000,77200,233,802,6.55E+18,harriethapra,Anxiety,Doechii,TRUE,"afrohair,japanlife🇯🇵,tokyotourguide","Hair,Beauty & Care,Beauty & Style",,FALSE,FALSE,,test,